subcategory_link,item,weight,price,item_image_link
https://www.elgrocer.com/store/al-douri-abu-baker/beverages-confectionary/tea-coffee-1852,Al Douri Yerba Mate Pipore Green,250g,AED 5.75 ,https://s3-eu-west-1.amazonaws.com/elgrocerstaging/products/photos/000/146/027/medium/7793750000309.png?1587228566
https://www.elgrocer.com/store/al-douri-abu-baker/beverages-confectionary/tea-coffee-1852,Al Douri Yerba Mate Kharta Green,250g,AED 7.00 ,https://s3-eu-west-1.amazonaws.com/elgrocerstaging/products/photos/000/146/025/medium/6217000144045.png?1587228560
https://www.elgrocer.com/store/al-douri-abu-baker/beverages-confectionary/tea-coffee-1852,Al Douri Yerba Mate Khartha White,250g,AED 7.50 ,https://s3-eu-west-1.amazonaws.com/elgrocerstaging/products/photos/000/146/024/medium/6217000144021.jpg?1587228558
https://www.elgrocer.com/store/al-douri-abu-baker/beverages-confectionary/tea-coffee-1852,Al Douri Arabic Coffee Liquid,1L,AED 15.00 ,https://s3-eu-west-1.amazonaws.com/elgrocerstaging/products/photos/000/146/023/medium/6294441113069.png?1587228551
https://www.elgrocer.com/store/al-douri-abu-baker/beverages-confectionary/tea-coffee-1852,Al Douri Coffee Lebanese Blend,250g,AED 17.50 ,https://s3-eu-west-1.amazonaws.com/elgrocerstaging/products/photos/000/146/016/medium/6294004119262.png?1587228532
https://www.elgrocer.com/store/al-douri-abu-baker/beverages-confectionary/tea-coffee-1852,Al Douri Coffee Lebanese Blend,450g,AED 31.75 ,https://s3-eu-west-1.amazonaws.com/elgrocerstaging/products/photos/000/146/015/medium/6294004119286.png?1587228534
https://www.elgrocer.com/store/al-douri-abu-baker/beverages-confectionary/tea-coffee-1852,Al Douri Coffee Signature Blend,100g,AED 7.75 ,https://s3-eu-west-1.amazonaws.com/elgrocerstaging/products/photos/000/146/014/medium/6294004118968.png?1587228526
https://www.elgrocer.com/store/al-douri-abu-baker/beverages-confectionary/tea-coffee-1852,Al Douri Coffee Signature Blend,250g,AED 19.95 ,https://s3-eu-west-1.amazonaws.com/elgrocerstaging/products/photos/000/146/013/medium/6294004118999.png?1587228527
https://www.elgrocer.com/store/al-douri-abu-baker/beverages-confectionary/chocolates-1853,Al Douri Turkish Coffee With Cardamom,250g,AED 15.25 ,https://s3-eu-west-1.amazonaws.com/elgrocerstaging/products/photos/000/147/611/medium/2770010000000.jpg?1587228520
https://www.elgrocer.com/store/al-douri-abu-baker/beverages-confectionary/chocolates-1853,Al Douri Turkish Coffee With Extra Cardamom,250g,AED 18.75 ,https://s3-eu-west-1.amazonaws.com/elgrocerstaging/products/photos/000/147/609/medium/2770010000000.jpg?1587228518
https://www.elgrocer.com/store/al-douri-abu-baker/beverages-confectionary/chocolates-1853,Al Douri Assorted Chocolate,250g,AED 21.24 ,https://s3-eu-west-1.amazonaws.com/elgrocerstaging/products/photos/000/147/587/medium/2330720000000.jpg?1587228234
https://www.elgrocer.com/store/al-douri-abu-baker/beverages-confectionary/chocolates-1853,Al Douri American Red Gum,500g,AED 18.38 ,https://s3-eu-west-1.amazonaws.com/elgrocerstaging/products/photos/000/146/077/medium/2330590000000.jpg?1587228244
https://www.elgrocer.com/store/al-douri-abu-baker/beverages-confectionary/juices-2488,Sour Grape Juice,500ml,AED 16.75 ,https://s3-eu-west-1.amazonaws.com/elgrocerstaging/products/photos/000/313/682/medium/PhotoRoom_20201002_192334_large.jpg?1626230807
https://www.elgrocer.com/store/al-douri-abu-baker/beverages-confectionary/soft-drinks-2491,Coca-Cola Regular Can,300ml,AED 1.75 ,https://s3-eu-west-1.amazonaws.com/elgrocerstaging/products/photos/000/054/795/medium/90338052.jpg?1587066020
https://www.elgrocer.com/store/al-douri-abu-baker/beverages-confectionary/soft-drinks-2491,Mirinda Orange Nrb,250ml,AED 3.00 ,https://s3-eu-west-1.amazonaws.com/elgrocerstaging/products/photos/000/166/310/medium/12000802805.jpg?1593007017
https://www.elgrocer.com/store/al-douri-abu-baker/beverages-confectionary/water-2492,Aquafina Water,12x500ml,AED 1.00 ,https://s3-eu-west-1.amazonaws.com/elgrocerstaging/products/photos/000/103/921/medium/12000014338.jpg?1572364652
https://www.elgrocer.com/store/al-douri-abu-baker/beverages-confectionary/water-2492,Aquafina Water,1.5L,AED 1.50 ,https://s3-eu-west-1.amazonaws.com/elgrocerstaging/products/photos/000/035/953/medium/0012000002090.jpg?1577780989
https://www.elgrocer.com/store/al-douri-abu-baker/nuts-1914/almonds,Al Douri Almond Plain,250g,AED 13.75 ,https://s3-eu-west-1.amazonaws.com/elgrocerstaging/products/photos/000/145/977/medium/2220210000000.png?1587228003
https://www.elgrocer.com/store/al-douri-abu-baker/nuts-1914/almonds,Al Douri Almond Without Skin Split,250g,AED 14.75 ,https://s3-eu-west-1.amazonaws.com/elgrocerstaging/products/photos/000/147/570/medium/Almonds-Blanched-Splits.jpg?1587494994
https://www.elgrocer.com/store/al-douri-abu-baker/nuts-1914/almonds,Al Douri Almond Without Skin Whole,250g,AED 14.75 ,https://s3-eu-west-1.amazonaws.com/elgrocerstaging/products/photos/000/147/549/medium/2222460000000.jpg?1587228031
https://www.elgrocer.com/store/al-douri-abu-baker/nuts-1914/almonds,Al Douri Almond Stick USA,250g,AED 14.75 ,https://s3-eu-west-1.amazonaws.com/elgrocerstaging/products/photos/000/145/975/medium/2223230000000.png?1587228024
https://www.elgrocer.com/store/al-douri-abu-baker/nuts-1914/almonds,Al Douri Almond Roasted Barbeque,250g,AED 15.69 ,https://s3-eu-west-1.amazonaws.com/elgrocerstaging/products/photos/000/145/972/medium/2880040000000.jpg?1587228013
https://www.elgrocer.com/store/al-douri-abu-baker/nuts-1914/cashew,Cashew,250g,AED 13.00 ,https://s3-eu-west-1.amazonaws.com/elgrocerstaging/products/photos/000/313/696/medium/Cashew-W240.jpeg?1626229798
https://www.elgrocer.com/store/al-douri-abu-baker/nuts-1914/cashew,Al Douri Cashew Cheese Roasted,250g,AED 17.99 ,https://s3-eu-west-1.amazonaws.com/elgrocerstaging/products/photos/000/145/966/medium/2881410000000.png?1587228139
https://www.elgrocer.com/store/al-douri-abu-baker/nuts-1914/cashew,Al Douri Cashew Barbeque Roasted,250g,AED 17.99 ,https://s3-eu-west-1.amazonaws.com/elgrocerstaging/products/photos/000/145/965/medium/Al_Douri_Cashew_Barbeque_Roasted.jpeg?1587499541
https://www.elgrocer.com/store/al-douri-abu-baker/nuts-1914/cashew,Al Douri Cashew Fried Salted,250g,AED 22.25 ,https://s3-eu-west-1.amazonaws.com/elgrocerstaging/products/photos/000/145/961/medium/2881470000000.png?1587228142
https://www.elgrocer.com/store/al-douri-abu-baker/nuts-1914/hazelnut,Al Douri Hazelnut Roasted,250g,AED 18.75 ,https://s3-eu-west-1.amazonaws.com/elgrocerstaging/products/photos/000/145/969/medium/2881140000000.png?1587228539
https://www.elgrocer.com/store/al-douri-abu-baker/nuts-1914/corn,Al Douri Corn Seed USA,250g,AED 7.50 ,https://s3-eu-west-1.amazonaws.com/elgrocerstaging/products/photos/000/145/945/medium/2220400000000.jpg?1587228253
https://www.elgrocer.com/store/al-douri-abu-baker/nuts-1914/corn,Al Douri Corn Roasted Ketchup,250g,AED 6.25 ,https://s3-eu-west-1.amazonaws.com/elgrocerstaging/products/photos/000/147/626/medium/2881680000000.jpg?1587228262
https://www.elgrocer.com/store/al-douri-abu-baker/nuts-1914/corn,Al Douri Corn Roasted Barbeque,250g,AED 7.00 ,https://s3-eu-west-1.amazonaws.com/elgrocerstaging/products/photos/000/145/997/medium/2881690000000.jpg?1587228268
https://www.elgrocer.com/store/al-douri-abu-baker/nuts-1914/corn,Al Douri Corn Roasted Cheese,250g,AED 7.00 ,https://s3-eu-west-1.amazonaws.com/elgrocerstaging/products/photos/000/145/996/medium/Corn-Nuggets-Cheese-Nutstop.jpg?1587495416
https://www.elgrocer.com/store/al-douri-abu-baker/nuts-1914/mixed-nuts,Al Douri Natural Mix,250g,AED 19.99 ,https://s3-eu-west-1.amazonaws.com/elgrocerstaging/products/photos/000/147/620/medium/2881330000000.jpg?1587228666
https://www.elgrocer.com/store/al-douri-abu-baker/nuts-1914/mixed-nuts,Al Douri Extra Mixed Nuts,250g,AED 14.13 ,https://s3-eu-west-1.amazonaws.com/elgrocerstaging/products/photos/000/145/978/medium/2881490000000.jpg?1587228684
https://www.elgrocer.com/store/al-douri-abu-baker/nuts-1914/mixed-nuts,Al Douri Light Mix Nut,250g,AED 17.49 ,https://s3-eu-west-1.amazonaws.com/elgrocerstaging/products/photos/000/147/622/medium/2881550000000.jfif?1587228689
https://www.elgrocer.com/store/al-douri-abu-baker/nuts-1914/mixed-nuts,Al Douri Classic Mix Nuts,250g,AED 17.25 ,https://s3-eu-west-1.amazonaws.com/elgrocerstaging/products/photos/000/145/970/medium/2881340000000.jpg?1587228671
https://www.elgrocer.com/store/al-douri-abu-baker/nuts-1914/mixed-nuts,Al Douri Nuts Extra Mix,250g,AED 14.00 ,https://s3-eu-west-1.amazonaws.com/elgrocerstaging/products/photos/000/147/646/medium/EXTRA_MIXED_NUTS_250G.jpg?1587495643
https://www.elgrocer.com/store/al-douri-abu-baker/nuts-1914/mixed-nuts,Al Douri Sport Mix Nuts,250g,AED 13.75 ,https://s3-eu-west-1.amazonaws.com/elgrocerstaging/products/photos/000/147/624/medium/2881650000000.jpg?1587228693
https://www.elgrocer.com/store/al-douri-abu-baker/nuts-1914/mixed-nuts,Al Douri Samurai Mixed Nuts,250g,AED 8.00 ,https://s3-eu-west-1.amazonaws.com/elgrocerstaging/products/photos/000/145/988/medium/2880390000000.png?1587228659
https://www.elgrocer.com/store/al-douri-abu-baker/nuts-1914/mixed-nuts,Al Douri Classic Spicy Mix Nuts,250g,AED 17.25 ,https://s3-eu-west-1.amazonaws.com/elgrocerstaging/products/photos/000/145/968/medium/2881350000000.jpg?1587228676
https://www.elgrocer.com/store/al-douri-abu-baker/nuts-1914/mixed-nuts,Al Douri Premium Mix Nuts,250g,AED 19.75 ,https://s3-eu-west-1.amazonaws.com/elgrocerstaging/products/photos/000/145/964/medium/2881320000000.jpg?1587228662
https://www.elgrocer.com/store/al-douri-abu-baker/nuts-1914/mixed-nuts,Al Douri Energy Mix Nuts,250g,AED 21.25 ,https://s3-eu-west-1.amazonaws.com/elgrocerstaging/products/photos/000/145/962/medium/2881360000000.png?1587228680
https://www.elgrocer.com/store/al-douri-abu-baker/nuts-1914/walnut,Al Douri Walnut Kernel USA,250g,AED 16.75 ,https://s3-eu-west-1.amazonaws.com/elgrocerstaging/products/photos/000/145/971/medium/2221480000000.png?1587229138
https://www.elgrocer.com/store/al-douri-abu-baker/nuts-1914/pistachio,Al Douri Pistachio Sliced,100g,AED 11.50 ,https://s3-eu-west-1.amazonaws.com/elgrocerstaging/products/photos/000/145/959/medium/2221630000000.png?1587228717
https://www.elgrocer.com/store/al-douri-abu-baker/nuts-1914/peanuts,Aldouri Coated Peanut Buttery Cheddar Cheese,24x20g,AED 21.00 ,https://s3-eu-west-1.amazonaws.com/elgrocerstaging/products/photos/000/225/906/medium/mockup_inner_box_cheese.jpg?1610346069
https://www.elgrocer.com/store/al-douri-abu-baker/nuts-1914/peanuts,Al Douri Peanut  Roasted Zahra,250g,AED 6.00 ,https://s3-eu-west-1.amazonaws.com/elgrocerstaging/products/photos/000/146/001/medium/2880870000000.png?1587228721
https://www.elgrocer.com/store/al-douri-abu-baker/nuts-1914/peanuts,Al Douri Coated Peanut Cheese,250g,AED 6.81 ,https://s3-eu-west-1.amazonaws.com/elgrocerstaging/products/photos/000/145/994/medium/2881190000000.png?1587228727
https://www.elgrocer.com/store/al-douri-abu-baker/nuts-1914/seeds,Al Douri Sesame Seed White Roasted,250g,AED 6.75 ,https://s3-eu-west-1.amazonaws.com/elgrocerstaging/products/photos/000/147/616/medium/2880560000000.jpg?1587229100
https://www.elgrocer.com/store/al-douri-abu-baker/nuts-1914/seeds,Super Seed Roasted Yellow,250g,AED 8.74 ,https://s3-eu-west-1.amazonaws.com/elgrocerstaging/products/photos/000/313/694/medium/993052__14906.1591426916-1000x1000.jpg?1626229896
https://www.elgrocer.com/store/al-douri-abu-baker/nuts-1914/seeds,Syrian Black Seed,250g,AED 6.88 ,https://s3-eu-west-1.amazonaws.com/elgrocerstaging/products/photos/000/313/693/medium/black_seed-500x500.jpg?1626229948
https://www.elgrocer.com/store/al-douri-abu-baker/nuts-1914/seeds,Sunflower Seed Premium Salted,250g,AED 3.94 ,https://s3-eu-west-1.amazonaws.com/elgrocerstaging/products/photos/000/309/309/medium/mockup_bag_sunflower_seeds.jpg?1625068773
https://www.elgrocer.com/store/al-douri-abu-baker/nuts-1914/seeds,Sunflower Seed Premium Lemon,250g,AED 3.94 ,https://s3-eu-west-1.amazonaws.com/elgrocerstaging/products/photos/000/309/308/medium/2880360000000_%281%29.png?1625070794
https://www.elgrocer.com/store/al-douri-abu-baker/nuts-1914/seeds,Al Douri Cardamom Roasted,100g,AED 15.70 ,https://s3-eu-west-1.amazonaws.com/elgrocerstaging/products/photos/000/147/613/medium/2770030000000.jpg?1587229085
https://www.elgrocer.com/store/al-douri-abu-baker/nuts-1914/seeds,Al Douri Green Cardamom Whole,100g,AED 18.50 ,https://s3-eu-west-1.amazonaws.com/elgrocerstaging/products/photos/000/147/522/medium/2222060000000.jpg?1587229075
https://www.elgrocer.com/store/al-douri-abu-baker/nuts-1914/seeds,Al Douri Asario Seeds Rashad,100g,AED 2.10 ,https://s3-eu-west-1.amazonaws.com/elgrocerstaging/products/photos/000/147/363/medium/2220050000000.jpg?1587229062
https://www.elgrocer.com/store/al-douri-abu-baker/nuts-1914/seeds,Al Douri Pulp Flax Seeds,250g,AED 7.88 ,https://s3-eu-west-1.amazonaws.com/elgrocerstaging/products/photos/000/147/360/medium/2220040000000.jpg?1587229056
https://www.elgrocer.com/store/al-douri-abu-baker/nuts-1914/seeds,Al Douri Pulp Sunflower Seeds,250g,AED 5.25 ,https://s3-eu-west-1.amazonaws.com/elgrocerstaging/products/photos/000/146/005/medium/2220180000000.jpg?1587229063
https://www.elgrocer.com/store/al-douri-abu-baker/nuts-1914/seeds,Al Douri Mashhadi Seeds Roasted Lemon,250g,AED 11.00 ,https://s3-eu-west-1.amazonaws.com/elgrocerstaging/products/photos/000/145/983/medium/2881160000000.png?1587229116
https://www.elgrocer.com/store/al-douri-abu-baker/nuts-1914/raisins,Al Douri Golden Raisin,250g,AED 4.19 ,https://s3-eu-west-1.amazonaws.com/elgrocerstaging/products/photos/000/146/009/medium/2221180000000.png?1587228805
https://www.elgrocer.com/store/al-douri-abu-baker/nuts-1914/raisins,Al Douri Black Raisin,250g,AED 4.75 ,https://s3-eu-west-1.amazonaws.com/elgrocerstaging/products/photos/000/146/008/medium/2221200000000.jpg?1587228810
https://www.elgrocer.com/store/al-douri-abu-baker/nuts-1914/raisins,Al Douri Black Raisin Jumbo,250g,AED 9.19 ,https://s3-eu-west-1.amazonaws.com/elgrocerstaging/products/photos/000/145/985/medium/2220140000000.png?1587228801
https://www.elgrocer.com/store/al-douri-abu-baker/nuts-1914/peas,Al Douri Green Peas Roasted,250g,AED 5.50 ,https://s3-eu-west-1.amazonaws.com/elgrocerstaging/products/photos/000/146/004/medium/2880640000000.jpg?1587228796
https://www.elgrocer.com/store/al-douri-abu-baker/nuts-1914/peas,Al Douri Green Peas Spicy,250g,AED 5.50 ,https://s3-eu-west-1.amazonaws.com/elgrocerstaging/products/photos/000/146/003/medium/GREEN_PEAS_SPICY_250g.jpg?1587496970
https://www.elgrocer.com/store/al-douri-abu-baker/deli-1904/olives-1905,Al Douri Grilled Green Olives,500g,AED 14.00 ,https://s3-eu-west-1.amazonaws.com/elgrocerstaging/products/photos/000/147/336/medium/2113750000000.jpg?1587228316
https://www.elgrocer.com/store/al-douri-abu-baker/deli-1904/olives-1905,Bolge Black Olives,250g,AED 4.88 ,https://s3-eu-west-1.amazonaws.com/elgrocerstaging/products/photos/000/313/700/medium/bolge_sofralik_siyah_zeytin_10_kg_234.jpg?1626229586
https://www.elgrocer.com/store/al-douri-abu-baker/deli-1904/olives-1905,Al Douri Green Olive Stuffed With Lemon,250g,AED 7.19 ,https://s3-eu-west-1.amazonaws.com/elgrocerstaging/products/photos/000/147/351/medium/2114020000000.jpg?1587228334
https://www.elgrocer.com/store/al-douri-abu-baker/deli-1904/olives-1905,Al Douri Green Olive Cracked,250g,AED 4.63 ,https://s3-eu-west-1.amazonaws.com/elgrocerstaging/products/photos/000/147/347/medium/2114000000000.jpg?1587228326
https://www.elgrocer.com/store/al-douri-abu-baker/deli-1904/olives-1905,Al Douri Black Olives Salkini,250g,AED 4.94 ,https://s3-eu-west-1.amazonaws.com/elgrocerstaging/products/photos/000/147/325/medium/black_olive_salkini.jpg?1587498821
https://www.elgrocer.com/store/al-douri-abu-baker/deli-1904/olives-1905,Al Douri Green Olives Tofahi,250g,AED 3.63 ,https://s3-eu-west-1.amazonaws.com/elgrocerstaging/products/photos/000/147/318/medium/2112640000000.jpg?1587228306
https://www.elgrocer.com/store/al-douri-abu-baker/deli-1904/olives-1905,Al Douri Green Olives Salkene Extra,250g,AED 4.44 ,https://s3-eu-west-1.amazonaws.com/elgrocerstaging/products/photos/000/147/313/medium/2112360000000.jpg?1587228304
https://www.elgrocer.com/store/al-douri-abu-baker/deli-1904/pickles-1906,Al Douri Yellow Hot Pepper Pickled,500g,AED 10.98 ,https://s3-eu-west-1.amazonaws.com/elgrocerstaging/products/photos/000/147/309/medium/ALDOURI_YELLOW_HOT_PEPPER_PICKLED_500G.jpg?1587499083
https://www.elgrocer.com/store/al-douri-abu-baker/deli-1904/pickles-1906,Al Douri Cucumber Pickles Zero,500g,AED 7.38 ,https://s3-eu-west-1.amazonaws.com/elgrocerstaging/products/photos/000/147/311/medium/2112310000000.jpg?1587228343
https://www.elgrocer.com/store/al-douri-abu-baker/deli-1904/meat-2485,Siniora Turkey Breast,100g,AED 8.30 ,https://s3-eu-west-1.amazonaws.com/elgrocerstaging/products/photos/000/181/283/medium/2112940000000.jpg?1595694665
https://www.elgrocer.com/store/al-douri-abu-baker/deli-1904/meat-2485,Siniora Mortadella,250g,AED 7.88 ,https://s3-eu-west-1.amazonaws.com/elgrocerstaging/products/photos/000/181/282/medium/2112950000000.jpg?1595696843
https://www.elgrocer.com/store/al-douri-abu-baker/deli-1904/meat-2485,Mayda Smoked Turkey Breast,250g,AED 14.99 ,https://s3-eu-west-1.amazonaws.com/elgrocerstaging/products/photos/000/181/281/medium/2113900000000.jpg?1595694663
https://www.elgrocer.com/store/al-douri-abu-baker/condiments-1849/pulses,Al Douri White Burgul Rough,250g,AED 1.44 ,https://s3-eu-west-1.amazonaws.com/elgrocerstaging/products/photos/000/145/926/medium/2221290000000.png?1587228773
https://www.elgrocer.com/store/al-douri-abu-baker/condiments-1849/pulses,Al Douri Burgul Brown Cracked,250g,AED 1.38 ,https://s3-eu-west-1.amazonaws.com/elgrocerstaging/products/photos/000/145/925/medium/2221280000000.png?1587228771
https://www.elgrocer.com/store/al-douri-abu-baker/condiments-1849/pulses,Al Douri Chickpeas Sugar,250g,AED 3.94 ,https://s3-eu-west-1.amazonaws.com/elgrocerstaging/products/photos/000/146/076/medium/2221510000000.jpg?1587228758
https://www.elgrocer.com/store/al-douri-abu-baker/condiments-1849/pulses,Al Douri Chickpeas Mexican,250g,AED 3.94 ,https://s3-eu-west-1.amazonaws.com/elgrocerstaging/products/photos/000/145/944/medium/2220380000000.png?1587228757
https://www.elgrocer.com/store/al-douri-abu-baker/condiments-1849/pulses,Al Douri Palestinian Freekeh,250g,AED 6.69 ,https://s3-eu-west-1.amazonaws.com/elgrocerstaging/products/photos/000/145/929/medium/2221330000000.png?1587228776
https://www.elgrocer.com/store/al-douri-abu-baker/condiments-1849/pulses,Al Douri Burgul Brown Fine,250g,AED 1.38 ,https://s3-eu-west-1.amazonaws.com/elgrocerstaging/products/photos/000/145/924/medium/2221270000000.jpg?1587228770
https://www.elgrocer.com/store/al-douri-abu-baker/condiments-1849/pulses,Al Douri Lebanese Kashka,250g,AED 14.44 ,https://s3-eu-west-1.amazonaws.com/elgrocerstaging/products/photos/000/147/584/medium/2223470000000.jpg?1587228783
https://www.elgrocer.com/store/al-douri-abu-baker/condiments-1849/pulses,Al Douri Chickpeas Roasted White,250g,AED 4.94 ,https://s3-eu-west-1.amazonaws.com/elgrocerstaging/products/photos/000/146/007/medium/2880650000000.png?1587228764
https://www.elgrocer.com/store/al-douri-abu-baker/condiments-1849/pulses,Al Douri Chickpeas,250g,AED 3.44 ,https://s3-eu-west-1.amazonaws.com/elgrocerstaging/products/photos/000/145/942/medium/2220350000000.png?1587228755
https://www.elgrocer.com/store/al-douri-abu-baker/condiments-1849/pulses,Al Douri Freekeh,700g,AED 15.75 ,https://s3-eu-west-1.amazonaws.com/elgrocerstaging/products/photos/000/145/936/medium/6294004102455.png?1587228799
https://www.elgrocer.com/store/al-douri-abu-baker/condiments-1849/pulses,Al Douri Brown Lentils,250g,AED 2.99 ,https://s3-eu-west-1.amazonaws.com/elgrocerstaging/products/photos/000/145/934/medium/2220440000000.jpg?1587228768
https://www.elgrocer.com/store/al-douri-abu-baker/condiments-1849/pulses,Al Douri Turmos Sweet,250g,AED 3.19 ,https://s3-eu-west-1.amazonaws.com/elgrocerstaging/products/photos/000/145/933/medium/2220430000000.png?1587228743
https://www.elgrocer.com/store/al-douri-abu-baker/condiments-1849/pulses,Al Douri White Burgul Fine,250g,AED 1.38 ,https://s3-eu-west-1.amazonaws.com/elgrocerstaging/products/photos/000/145/928/medium/2221310000000.png?1587228774
https://www.elgrocer.com/store/al-douri-abu-baker/condiments-1849/syrup-dressing,Al Douri Tahina,250g,AED 6.13 ,https://s3-eu-west-1.amazonaws.com/elgrocerstaging/products/photos/000/147/304/medium/2112220000000.jpg?1587228159
https://www.elgrocer.com/store/al-douri-abu-baker/condiments-1849/syrup-dressing,Aldouri Pomegranate Molasses,500ml,AED 10.95 ,https://s3-eu-west-1.amazonaws.com/elgrocerstaging/products/photos/000/260/265/medium/6294004120503.jpg?1617871330
https://www.elgrocer.com/store/al-douri-abu-baker/condiments-1849/syrup-dressing,Aldouri Berry Drink Juice,12x1kg,AED 22.50 ,https://s3-eu-west-1.amazonaws.com/elgrocerstaging/products/photos/000/260/264/medium/6216907020209.jpg?1617871328
https://www.elgrocer.com/store/al-douri-abu-baker/condiments-1849/syrup-dressing,Durra Tahina,800g,AED 26.25 ,https://s3-eu-west-1.amazonaws.com/elgrocerstaging/products/photos/000/147/635/medium/6210245270487.jpg?1587228169
https://www.elgrocer.com/store/al-douri-abu-baker/condiments-1849/syrup-dressing,Durra Pomegranate Molasses,1000g,AED 35.75 ,https://s3-eu-west-1.amazonaws.com/elgrocerstaging/products/photos/000/147/632/medium/6210241346308.jpg?1587228208
https://www.elgrocer.com/store/al-douri-abu-baker/condiments-1849/sauces-paste-1897,Al Douri Hot Chili Paste,250g,AED 4.75 ,https://s3-eu-west-1.amazonaws.com/elgrocerstaging/products/photos/000/147/322/medium/2113140000000.jpg?1587228171
https://www.elgrocer.com/store/al-douri-abu-baker/condiments-1849/sauces-paste-1897,Durra Tomato Paste,4400g,AED 38.75 ,https://s3-eu-west-1.amazonaws.com/elgrocerstaging/products/photos/000/146/051/medium/6210241014504.jpg?1587228187
https://www.elgrocer.com/store/al-douri-abu-baker/condiments-1849/sauces-paste-1897,Durra Red Pepper Paste,350g,AED 8.50 ,https://s3-eu-west-1.amazonaws.com/elgrocerstaging/products/photos/000/110/185/medium/6210241331144.jpg?1587228191
https://www.elgrocer.com/store/al-douri-abu-baker/condiments-1849/sauces-paste-1897,Durra Tomato Paste,375g,AED 4.75 ,https://s3-eu-west-1.amazonaws.com/elgrocerstaging/products/photos/000/109/931/medium/6210241011145.jpg?1587228181
https://www.elgrocer.com/store/al-douri-abu-baker/condiments-1849/seasoning-mixes-spices,Al Douri Falafel Mix,450g,AED 11.25 ,https://s3-eu-west-1.amazonaws.com/elgrocerstaging/products/photos/000/147/643/medium/6294004107894.jpg?1587229043
https://www.elgrocer.com/store/al-douri-abu-baker/condiments-1849/seasoning-mixes-spices,Al Douri Dried Mint Powder,100g,AED 3.80 ,https://s3-eu-west-1.amazonaws.com/elgrocerstaging/products/photos/000/147/575/medium/2223400000000.jpg?1587229031
https://www.elgrocer.com/store/al-douri-abu-baker/condiments-1849/seasoning-mixes-spices,Al Douri Sumac Powder,100g,AED 2.80 ,https://s3-eu-west-1.amazonaws.com/elgrocerstaging/products/photos/000/147/564/medium/2223030000000.jpeg?1587229027
https://www.elgrocer.com/store/al-douri-abu-baker/condiments-1849/seasoning-mixes-spices,Al Douri Turmeric Powder,100g,AED 1.80 ,https://s3-eu-west-1.amazonaws.com/elgrocerstaging/products/photos/000/147/458/medium/2220960000000.jpg?1587228918
https://www.elgrocer.com/store/al-douri-abu-baker/condiments-1849/seasoning-mixes-spices,Al Douri Carawya Powder,100g,AED 1.90 ,https://s3-eu-west-1.amazonaws.com/elgrocerstaging/products/photos/000/147/403/medium/2220740000000.jpg?1587228840
https://www.elgrocer.com/store/al-douri-abu-baker/condiments-1849/seasoning-mixes-spices,Al Douri Fine Sugar,5kg,AED 14.75 ,https://s3-eu-west-1.amazonaws.com/elgrocerstaging/products/photos/000/145/958/medium/6294004102516.png?1587229051
https://www.elgrocer.com/store/al-douri-abu-baker/condiments-1849/seasoning-mixes-spices,Al Douri Garlic Powder,250g,AED 9.19 ,https://s3-eu-west-1.amazonaws.com/elgrocerstaging/products/photos/000/147/863/medium/2221010000000.jfif?1587229926
https://www.elgrocer.com/store/al-douri-abu-baker/condiments-1849/seasoning-mixes-spices,Al Douri Mahlab Powder,100g,AED 17.50 ,https://s3-eu-west-1.amazonaws.com/elgrocerstaging/products/photos/000/147/860/medium/2220930000000.jfif?1587229923
https://www.elgrocer.com/store/al-douri-abu-baker/condiments-1849/seasoning-mixes-spices,Al Douri Red Pepper Powder Hot,250g,AED 11.00 ,https://s3-eu-west-1.amazonaws.com/elgrocerstaging/products/photos/000/147/578/medium/2223410000000.jpg?1587229035
https://www.elgrocer.com/store/al-douri-abu-baker/condiments-1849/seasoning-mixes-spices,Al Douri Citric Acid Salt,100g,AED 2.50 ,https://s3-eu-west-1.amazonaws.com/elgrocerstaging/products/photos/000/147/513/medium/2221570000000.jpg?1587229006
https://www.elgrocer.com/store/al-douri-abu-baker/condiments-1849/seasoning-mixes-spices,Al Douri Cardamom Powder,100g,AED 14.50 ,https://s3-eu-west-1.amazonaws.com/elgrocerstaging/products/photos/000/147/512/medium/2221470000000.jpg?1587229005
https://www.elgrocer.com/store/al-douri-abu-baker/condiments-1849/seasoning-mixes-spices,Al Douri Cinammon Stick,250g,AED 7.06 ,https://s3-eu-west-1.amazonaws.com/elgrocerstaging/products/photos/000/147/501/medium/2221160000000.jpg?1587229001
https://www.elgrocer.com/store/al-douri-abu-baker/condiments-1849/seasoning-mixes-spices,Al Douri Sweet Pepper Powder,100g,AED 4.40 ,https://s3-eu-west-1.amazonaws.com/elgrocerstaging/products/photos/000/147/498/medium/2221150000000.jpg?1587228997
https://www.elgrocer.com/store/al-douri-abu-baker/condiments-1849/seasoning-mixes-spices,Al Douri Seven Spices,100g,AED 4.93 ,https://s3-eu-west-1.amazonaws.com/elgrocerstaging/products/photos/000/147/489/medium/2221100000000.JPG?1587228975
https://www.elgrocer.com/store/al-douri-abu-baker/condiments-1849/seasoning-mixes-spices,Al Douri Nut Meg Whole,100g,AED 8.40 ,https://s3-eu-west-1.amazonaws.com/elgrocerstaging/products/photos/000/147/483/medium/2221080000000.jpg?1587228964
https://www.elgrocer.com/store/al-douri-abu-baker/condiments-1849/seasoning-mixes-spices,Al Douri Kabseh Spices,100g,AED 6.40 ,https://s3-eu-west-1.amazonaws.com/elgrocerstaging/products/photos/000/147/480/medium/2221070000000.jpg?1587228961
https://www.elgrocer.com/store/al-douri-abu-baker/condiments-1849/seasoning-mixes-spices,Al Douri Shawerma Meat Spices,100g,AED 4.10 ,https://s3-eu-west-1.amazonaws.com/elgrocerstaging/products/photos/000/147/477/medium/2221060000000.jpg?1587228956
https://www.elgrocer.com/store/al-douri-abu-baker/condiments-1849/seasoning-mixes-spices,Al Douri Curry Powder,100g,AED 3.15 ,https://s3-eu-west-1.amazonaws.com/elgrocerstaging/products/photos/000/147/471/medium/2221020000000.jpg?1587228940
https://www.elgrocer.com/store/al-douri-abu-baker/condiments-1849/seasoning-mixes-spices,Al Douri Mahlab Seed,250g,AED 37.50 ,https://s3-eu-west-1.amazonaws.com/elgrocerstaging/products/photos/000/147/468/medium/2221000000000.jpg?1587228935
https://www.elgrocer.com/store/al-douri-abu-baker/condiments-1849/seasoning-mixes-spices,Al Douri Ginger Powder,100g,AED 2.73 ,https://s3-eu-west-1.amazonaws.com/elgrocerstaging/products/photos/000/147/455/medium/2220950000000.jpg?1587228914
https://www.elgrocer.com/store/al-douri-abu-baker/condiments-1849/seasoning-mixes-spices,Al Douri Nutmeg Powder,100g,AED 8.93 ,https://s3-eu-west-1.amazonaws.com/elgrocerstaging/products/photos/000/147/452/medium/2220940000000.jpg?1587228910
https://www.elgrocer.com/store/al-douri-abu-baker/condiments-1849/seasoning-mixes-spices,Al Douri White Pepper Powder,100g,AED 6.93 ,https://s3-eu-west-1.amazonaws.com/elgrocerstaging/products/photos/000/147/446/medium/2220900000000.jpg?1587228900
https://www.elgrocer.com/store/al-douri-abu-baker/condiments-1849/seasoning-mixes-spices,Al Douri Coriander Powder,100g,AED 2.10 ,https://s3-eu-west-1.amazonaws.com/elgrocerstaging/products/photos/000/147/444/medium/2220890000000.jpg?1587228898
https://www.elgrocer.com/store/al-douri-abu-baker/condiments-1849/seasoning-mixes-spices,Al Douri Osfor Safflower,100g,AED 13.00 ,https://s3-eu-west-1.amazonaws.com/elgrocerstaging/products/photos/000/147/438/medium/2220870000000.jpg?1587228882
https://www.elgrocer.com/store/al-douri-abu-baker/condiments-1849/seasoning-mixes-spices,Al Douri Black Pepper Whole,100g,AED 5.50 ,https://s3-eu-west-1.amazonaws.com/elgrocerstaging/products/photos/000/147/432/medium/2220850000000.jpg?1587228875
https://www.elgrocer.com/store/al-douri-abu-baker/condiments-1849/seasoning-mixes-spices,Al Douri Cinnamom Powder,100g,AED 2.70 ,https://s3-eu-west-1.amazonaws.com/elgrocerstaging/products/photos/000/147/429/medium/2220840000000.jpg?1587228708
https://www.elgrocer.com/store/al-douri-abu-baker/condiments-1849/seasoning-mixes-spices,Al Douri Black Pepper Powder,100g,AED 6.05 ,https://s3-eu-west-1.amazonaws.com/elgrocerstaging/products/photos/000/147/420/medium/2220810000000.jpg?1587228862
https://www.elgrocer.com/store/al-douri-abu-baker/condiments-1849/seasoning-mixes-spices,Al Douri Cloves Powder,100g,AED 7.35 ,https://s3-eu-west-1.amazonaws.com/elgrocerstaging/products/photos/000/147/417/medium/2220800000000.jpg?1587228858
https://www.elgrocer.com/store/al-douri-abu-baker/condiments-1849/seasoning-mixes-spices,Al Douri Cloves Whole,100g,AED 7.45 ,https://s3-eu-west-1.amazonaws.com/elgrocerstaging/products/photos/000/147/414/medium/2220790000000.jpg?1587228855
https://www.elgrocer.com/store/al-douri-abu-baker/condiments-1849/seasoning-mixes-spices,Al Douri Cumin Powder,100g,AED 2.98 ,https://s3-eu-west-1.amazonaws.com/elgrocerstaging/products/photos/000/147/411/medium/2220780000000.jpg?1587228851
https://www.elgrocer.com/store/al-douri-abu-baker/condiments-1849/seasoning-mixes-spices,Al Douri Fine Sugar,2kg,AED 7.00 ,https://s3-eu-west-1.amazonaws.com/elgrocerstaging/products/photos/000/145/957/medium/6294004102516.png?1587229052
https://www.elgrocer.com/store/al-douri-abu-baker/condiments-1849/seasoning-mixes-spices,Coconut Powder,250g,AED 4.19 ,https://s3-eu-west-1.amazonaws.com/elgrocerstaging/products/photos/000/313/698/medium/U2142a105c4bb4d138421f379826c65928.jpg?1626229689
https://www.elgrocer.com/store/al-douri-abu-baker/condiments-1849/rice-flour,Al Douri Aroma Basmati Rice,1kg,AED 11.75 ,https://s3-eu-west-1.amazonaws.com/elgrocerstaging/products/photos/000/145/931/medium/2221380000000.png?1587228820
https://www.elgrocer.com/store/al-douri-abu-baker/condiments-1849/rice-flour,Al Douri Semolina Soft,250g,AED 1.94 ,https://s3-eu-west-1.amazonaws.com/elgrocerstaging/products/photos/000/145/930/medium/2221340000000.png?1587229133
https://www.elgrocer.com/store/al-douri-abu-baker/condiments-1849/rice-flour,Al Douri Semolina Roughen,250g,AED 1.94 ,https://s3-eu-west-1.amazonaws.com/elgrocerstaging/products/photos/000/145/927/medium/2221300000000.png?1587229132
https://www.elgrocer.com/store/al-douri-abu-baker/condiments-1849/rice-flour,Al Douri Egyptian Rice,5kg,AED 25.75 ,https://s3-eu-west-1.amazonaws.com/elgrocerstaging/products/photos/000/145/938/medium/6294004102196.png?1587228823
https://www.elgrocer.com/store/al-douri-abu-baker/condiments-1849/rice-flour,Al Douri Egyptian Rice,2kg,AED 13.75 ,https://s3-eu-west-1.amazonaws.com/elgrocerstaging/products/photos/000/145/937/medium/6294004102196.png?1587228822
https://www.elgrocer.com/store/al-douri-abu-baker/condiments-1849/food-flavor,Al Douri Rose Water,500ml,AED 7.50 ,https://s3-eu-west-1.amazonaws.com/elgrocerstaging/products/photos/000/147/641/medium/6293254004102.jpg?1587228514
https://www.elgrocer.com/store/al-douri-abu-baker/condiments-1849/food-flavor,Al Douri Flower Water,500ml,AED 7.50 ,https://s3-eu-west-1.amazonaws.com/elgrocerstaging/products/photos/000/147/640/medium/6293254004101.jpg?1587228513
https://www.elgrocer.com/store/al-douri-abu-baker/condiments-1849/food-flavor,Al Douri Frankincense Luban Dakar,250g,AED 23.69 ,https://s3-eu-west-1.amazonaws.com/elgrocerstaging/products/photos/000/147/364/medium/2220320000000.jpg?1587228507
https://www.elgrocer.com/store/al-douri-abu-baker/condiments-1849/food-flavor,Al Douri Jameed Whole,250g,AED 11.88 ,https://s3-eu-west-1.amazonaws.com/elgrocerstaging/products/photos/000/147/315/medium/2112420000000.jpg?1587228503
https://www.elgrocer.com/store/al-douri-abu-baker/oils/cooking-oil-1845,Al Douri Virgin Olive Oil,5L,AED 94.50 ,https://s3-eu-west-1.amazonaws.com/elgrocerstaging/products/photos/000/145/892/medium/6294441112171.png?1587228252
https://www.elgrocer.com/store/al-douri-abu-baker/oils/cooking-oil-1845,Al Douri Virgin Olive Oil,10L,AED 185.00 ,https://s3-eu-west-1.amazonaws.com/elgrocerstaging/products/photos/000/145/889/medium/6294441112129.png?1587228250
https://www.elgrocer.com/store/al-douri-abu-baker/oils/cooking-oil-1845,Aldouri Sunflower Oil Turkish,1.8L,AED 18.50 ,https://s3-eu-west-1.amazonaws.com/elgrocerstaging/products/photos/000/260/269/medium/8690755001692.png?1617871337
https://www.elgrocer.com/store/al-douri-abu-baker/dairy-1901/cheese-1902,Butter Block,250g,AED 3.63 ,https://s3-eu-west-1.amazonaws.com/elgrocerstaging/products/photos/000/313/699/medium/U50da98323db14dc3986aa6fdbfcc989c1.jpg?1626229641
https://www.elgrocer.com/store/al-douri-abu-baker/dairy-1901/cheese-1902,Aklena Labnah Turkish,250g,AED 4.49 ,https://s3-eu-west-1.amazonaws.com/elgrocerstaging/products/photos/000/309/314/medium/ONDAIPRD7501-600x600.jpg?1625077758
https://www.elgrocer.com/store/al-douri-abu-baker/dairy-1901/cheese-1902,Al Douri Shilal Cheese,250g,AED 7.75 ,https://s3-eu-west-1.amazonaws.com/elgrocerstaging/products/photos/000/147/329/medium/2113310000000.jpg?1587228286
https://www.elgrocer.com/store/al-douri-abu-baker/dairy-1901/cheese-1902,Al Douri Turkish Cheese,500g,AED 12.48 ,https://s3-eu-west-1.amazonaws.com/elgrocerstaging/products/photos/000/147/327/medium/2113300000000.jpg?1587228282
https://www.elgrocer.com/store/al-douri-abu-baker/dairy-1901/cheese-1902,Al Douri Shellal Cheese,250g,AED 7.38 ,https://s3-eu-west-1.amazonaws.com/elgrocerstaging/products/photos/000/147/297/medium/2112060000000.jpg?1587228278
https://www.elgrocer.com/store/al-douri-abu-baker/dairy-1901/cheese-1902,Al Douri Akawi Olba Cheese,500g,AED 16.75 ,https://s3-eu-west-1.amazonaws.com/elgrocerstaging/products/photos/000/147/295/medium/2112050000000.jpg?1587228274
https://www.elgrocer.com/store/al-douri-abu-baker/dairy-1901/labneh,Al Douri Arabic Labneh,250g,AED 6.88 ,https://s3-eu-west-1.amazonaws.com/elgrocerstaging/products/photos/000/147/300/medium/2112080000000.jpg?1587228296
https://www.elgrocer.com/store/al-douri-abu-baker/dairy-1901/yoghurt-2486,Digdaga Natural Yoghurt,1kg,AED 6.75 ,https://s3-eu-west-1.amazonaws.com/elgrocerstaging/products/photos/000/177/821/medium/6291043119970.jpg?1597143194
https://www.elgrocer.com/store/al-douri-abu-baker/dairy-1901/yoghurt-2486,Digdaga Fresh Yoghurt,4kg,AED 18.75 ,https://s3-eu-west-1.amazonaws.com/elgrocerstaging/products/photos/000/181/263/medium/6291043113015.jpg?1598736667
https://www.elgrocer.com/store/al-douri-abu-baker/dairy-1901/yoghurt-2486,Digdaga Fresh Yoghurt,1g,AED 10.75 ,https://s3-eu-west-1.amazonaws.com/elgrocerstaging/products/photos/000/181/262/medium/6291043114753.jpg?1598775337
https://www.elgrocer.com/store/al-douri-abu-baker/dairy-1901/laban-drink-2489,Al Juneidi Ayran Turkish Taste,1L,AED 8.75 ,https://s3-eu-west-1.amazonaws.com/elgrocerstaging/products/photos/000/086/209/medium/6253506002083.jpg?1564857956
https://www.elgrocer.com/store/al-douri-abu-baker/snacks-1908/sweets,Al Douri Halcoom Sweet,1m,AED 11.75 ,https://s3-eu-west-1.amazonaws.com/elgrocerstaging/products/photos/000/147/629/medium/4229760000000.jpg?1587228224
https://www.elgrocer.com/store/al-douri-abu-baker/snacks-1908/sweets,Durra Halaweh Plain,700g,AED 17.25 ,https://s3-eu-west-1.amazonaws.com/elgrocerstaging/products/photos/000/108/965/medium/6210241486257.png?1587228231
https://www.elgrocer.com/store/al-douri-abu-baker/snacks-1908/sweets,Al Douri Salted Petit Four Mix,400g,AED 19.75 ,https://s3-eu-west-1.amazonaws.com/elgrocerstaging/products/photos/000/190/388/medium/AD_Salted_Petit.jpg?1599747947
https://www.elgrocer.com/store/al-douri-abu-baker/snacks-1908/sweets,Al Douri Brown Truffles,800g,AED 68.00 ,https://s3-eu-west-1.amazonaws.com/elgrocerstaging/products/photos/000/179/844/medium/Truffles.jpg?1595306944
https://www.elgrocer.com/store/al-douri-abu-baker/snacks-1908/sweets,Durra Halaweh Pistachio,700g,AED 19.00 ,https://s3-eu-west-1.amazonaws.com/elgrocerstaging/products/photos/000/145/902/medium/6210241476234.png?1587228228
https://www.elgrocer.com/store/al-douri-abu-baker/snacks-1908/sweets,Durra Halaweh Pistachio,350g,AED 11.75 ,https://s3-eu-west-1.amazonaws.com/elgrocerstaging/products/photos/000/088/061/medium/6210241476166.png?1587228225
https://www.elgrocer.com/store/al-douri-abu-baker/snacks-1908/biscuits-1910,Gandour 555 Biscuit,82g,AED 2.25 ,https://s3-eu-west-1.amazonaws.com/elgrocerstaging/products/photos/000/147/628/medium/4227220000000.jpg?1587228041
https://www.elgrocer.com/store/al-douri-abu-baker/snacks-1908/biscuits-1910,Al Douri Rice Crackers Mix,250g,AED 5.63 ,https://s3-eu-west-1.amazonaws.com/elgrocerstaging/products/photos/000/147/619/medium/2880610000000.jpg?1587229135
https://www.elgrocer.com/store/al-douri-abu-baker/snacks-1908/biscuits-1910,Durra Bread Stick,454g,AED 12.75 ,https://s3-eu-west-1.amazonaws.com/elgrocerstaging/products/photos/000/108/967/medium/6210241888181.jpg?1587228043
https://www.elgrocer.com/store/al-douri-abu-baker/spreads-jam/jam-1848,Durra Strawberry Jam,430g,AED 10.50 ,https://s3-eu-west-1.amazonaws.com/elgrocerstaging/products/photos/000/110/142/medium/6210241181176.png?1587228594
https://www.elgrocer.com/store/al-douri-abu-baker/spreads-jam/jam-1848,Al Douri Fig Jam With Nuts,250g,AED 4.63 ,https://s3-eu-west-1.amazonaws.com/elgrocerstaging/products/photos/000/145/906/medium/2112510000000.png?1587228577
https://www.elgrocer.com/store/al-douri-abu-baker/spreads-jam/jam-1848,Al Douri Apricot Jam Sliced,250g,AED 4.63 ,https://s3-eu-west-1.amazonaws.com/elgrocerstaging/products/photos/000/145/898/medium/2112450000000.jpg?1587228578
https://www.elgrocer.com/store/al-douri-abu-baker/spreads-jam/jam-1848,Al Douri Doany Sider Honey,650g,AED 110.00 ,https://s3-eu-west-1.amazonaws.com/elgrocerstaging/products/photos/000/328/923/medium/honey-jar-500x500.jpg?1630508467
https://www.elgrocer.com/store/al-douri-abu-baker/spreads-jam/jam-1848,Durra Strawberry Jam,500g,AED 9.25 ,https://s3-eu-west-1.amazonaws.com/elgrocerstaging/products/photos/000/309/315/medium/6210241181275.jpg?1625077695
https://www.elgrocer.com/store/al-douri-abu-baker/spreads-jam/jam-1848,Durra Apricot Jam Sliced,875g,AED 17.75 ,https://s3-eu-west-1.amazonaws.com/elgrocerstaging/products/photos/000/145/921/medium/6210241151278.png?1587228587
https://www.elgrocer.com/store/al-douri-abu-baker/spreads-jam/jam-1848,Durra Strawberry Jam,875g,AED 17.75 ,https://s3-eu-west-1.amazonaws.com/elgrocerstaging/products/photos/000/145/918/medium/6210241181275.png?1587228596
https://www.elgrocer.com/store/al-douri-abu-baker/spreads-jam/jam-1848,Al Douri Rose Jam,250g,AED 3.75 ,https://s3-eu-west-1.amazonaws.com/elgrocerstaging/products/photos/000/145/905/medium/2112560000000.jpg?1587228580
https://www.elgrocer.com/store/al-douri-abu-baker/dried-items/dried-fruits-1856,Al Douri Prunes Without Seed,500g,AED 18.00 ,https://s3-eu-west-1.amazonaws.com/elgrocerstaging/products/photos/000/145/987/medium/2222030000000.jpg?1587228362
https://www.elgrocer.com/store/al-douri-abu-baker/dried-items/dried-fruits-1856,Al Douri Dried Pomegranate,500g,AED 24.00 ,https://s3-eu-west-1.amazonaws.com/elgrocerstaging/products/photos/000/145/982/medium/2331870000000.png?1587228369
https://www.elgrocer.com/store/al-douri-abu-baker/dried-items/dried-fruits-1856,Al Douri Dried Apricots Jumbo,250g,AED 13.75 ,https://s3-eu-west-1.amazonaws.com/elgrocerstaging/products/photos/000/145/980/medium/2332420000000.png?1587228373
https://www.elgrocer.com/store/al-douri-abu-baker/dried-items/dried-herbs-vegetables,Durra Green Thyme,450g,AED 14.25 ,https://s3-eu-west-1.amazonaws.com/elgrocerstaging/products/photos/000/147/637/medium/6251136000820.jpg?1587228466
https://www.elgrocer.com/store/al-douri-abu-baker/dried-items/dried-herbs-vegetables,Aldouri Molokhia,250g,AED 12.95 ,https://s3-eu-west-1.amazonaws.com/elgrocerstaging/products/photos/000/260/263/medium/6294004120312.png?1617871325
https://www.elgrocer.com/store/al-douri-abu-baker/dried-items/dried-herbs-vegetables,Al Douri Lemon Verbena,250g,AED 16.94 ,https://s3-eu-west-1.amazonaws.com/elgrocerstaging/products/photos/000/147/567/medium/2223150000000.jpg?1587228455
https://www.elgrocer.com/store/al-douri-abu-baker/dried-items/dried-herbs-vegetables,Al Douri Chamomile Flowers,250g,AED 17.25 ,https://s3-eu-west-1.amazonaws.com/elgrocerstaging/products/photos/000/147/558/medium/2222780000000.jpg?1587228438
https://www.elgrocer.com/store/al-douri-abu-baker/dried-items/dried-herbs-vegetables,Al Douri Ishriq,100g,AED 6.30 ,https://s3-eu-west-1.amazonaws.com/elgrocerstaging/products/photos/000/147/541/medium/2222180000000.jpeg?1587228431
https://www.elgrocer.com/store/al-douri-abu-baker/dried-items/dried-herbs-vegetables,Al Douri Roselle Leaves,250s,AED 6.56 ,https://s3-eu-west-1.amazonaws.com/elgrocerstaging/products/photos/000/147/373/medium/2220530000000.jpg?1587228398
https://www.elgrocer.com/store/al-douri-abu-baker/dried-items/dried-herbs-vegetables,Al Douri Dried Okra Syrian,100g,AED 14.65 ,https://s3-eu-west-1.amazonaws.com/elgrocerstaging/products/photos/000/147/367/medium/2220330000000.jpg?1587228475
https://www.elgrocer.com/store/al-douri-abu-baker/canned-food/vegetables-1855,Durra Cucumber Pickled,1400g,AED 19.75 ,https://s3-eu-west-1.amazonaws.com/elgrocerstaging/products/photos/000/146/035/medium/6210241051301.jpg?1587228066
https://www.elgrocer.com/store/al-douri-abu-baker/canned-food/vegetables-1855,Al Douri Jalapeno Pepper Pickles,1kg,AED 13.25 ,https://s3-eu-west-1.amazonaws.com/elgrocerstaging/products/photos/000/147/330/medium/jalapeno_x2.jpg?1587498686
https://www.elgrocer.com/store/al-douri-abu-baker/canned-food/vegetables-1855,Durra Olive Salad,675g,AED 17.50 ,https://s3-eu-west-1.amazonaws.com/elgrocerstaging/products/photos/000/146/038/medium/6210241311238.jpg?1587228086
https://www.elgrocer.com/store/al-douri-abu-baker/canned-food/vegetables-1855,Al Douri Eggplant Stuffed,500g,AED 18.38 ,https://s3-eu-west-1.amazonaws.com/elgrocerstaging/products/photos/000/147/307/medium/2112230000000.jpg?1587228353
https://www.elgrocer.com/store/al-douri-abu-baker/canned-food/vegetables-1855,Durra Pickled Mexican Hot Peppers,1000g,AED 15.75 ,https://s3-eu-west-1.amazonaws.com/elgrocerstaging/products/photos/000/146/063/medium/6210247771692.jpg?1587228112
https://www.elgrocer.com/store/al-douri-abu-baker/canned-food/vegetables-1855,Al Douri Bolge Black Olives Turkey,750g,AED 19.50 ,https://s3-eu-west-1.amazonaws.com/elgrocerstaging/products/photos/000/146/059/medium/8697999480948.png?1587228126
https://www.elgrocer.com/store/al-douri-abu-baker/canned-food/vegetables-1855,Durra Cucumber Pickled,2800g,AED 35.50 ,https://s3-eu-west-1.amazonaws.com/elgrocerstaging/products/photos/000/146/032/medium/6210241051400.jpg?1587228067
https://www.elgrocer.com/store/al-douri-abu-baker/canned-food/vegetables-1855,Durra Cucumber Pickled,710g,AED 11.75 ,https://s3-eu-west-1.amazonaws.com/elgrocerstaging/products/photos/000/108/963/medium/6251136004538.jpg?1587228116
https://www.elgrocer.com/store/al-douri-abu-baker/canned-food/vegetables-1855,Durra Grape Leaves,400g,AED 10.00 ,https://s3-eu-west-1.amazonaws.com/elgrocerstaging/products/photos/000/146/060/medium/6210241121165.jpg?1587228075
https://www.elgrocer.com/store/al-douri-abu-baker/canned-food/vegetables-1855,Al Douri Stuffed Grape Leaves Turkish,2kg,AED 22.50 ,https://s3-eu-west-1.amazonaws.com/elgrocerstaging/products/photos/000/146/067/medium/8697999481884.png?1587228128
https://www.elgrocer.com/store/al-douri-abu-baker/butchery-1899/meat-1900,Chicken Breast,250g,AED 20.00 ,https://s3-eu-west-1.amazonaws.com/elgrocerstaging/products/photos/000/147/607/medium/2660910000000.jpg?1587228054
https://www.elgrocer.com/store/al-douri-abu-baker/butchery-1899/meat-1900,Nakanek,250g,AED 9.74 ,https://s3-eu-west-1.amazonaws.com/elgrocerstaging/products/photos/000/309/320/medium/turkeylinksausage1-300x300.jpg?1625077298
https://www.elgrocer.com/store/al-douri-abu-baker/butchery-1899/meat-1900,Sausage,250g,AED 9.74 ,https://s3-eu-west-1.amazonaws.com/elgrocerstaging/products/photos/000/309/319/medium/sausage_410446060.jpg?1625077373
https://www.elgrocer.com/store/al-douri-abu-baker/butchery-1899/meat-1900,Brazilian Chuckroll,500g,AED 29.95 ,https://s3-eu-west-1.amazonaws.com/elgrocerstaging/products/photos/000/309/318/medium/Frozen_Boneless_Beef_Chuck_Roll-1000x1000.jpg?1625077419
https://www.elgrocer.com/store/al-douri-abu-baker/butchery-1899/meat-1900,Lamb Minced Meat,500g,AED 55.00 ,https://s3-eu-west-1.amazonaws.com/elgrocerstaging/products/photos/000/147/599/medium/2660170000000.jpg?1587228047
https://www.elgrocer.com/store/al-douri-abu-baker/home-kitchen/board-games,Al Douri Backgammon Rahaj,1pcs,AED 115.00 ,https://s3-eu-west-1.amazonaws.com/elgrocerstaging/products/photos/000/147/675/medium/6294441113460.jpg?1587228739
https://www.elgrocer.com/store/al-douri-abu-baker/barazek/barazek-497596,Syrian Super Malban Mix,250g,AED 14.75 ,https://s3-eu-west-1.amazonaws.com/elgrocerstaging/products/photos/000/313/689/medium/nougat-mix-top_480x480.jpg?1626230272
https://www.elgrocer.com/store/al-douri-abu-baker/barazek/barazek-497596,Aldouri Petit Four Mix,400g,AED 19.75 ,https://s3-eu-west-1.amazonaws.com/elgrocerstaging/products/photos/000/309/307/medium/109386_photo_1.jpg?1625070974
https://www.elgrocer.com/store/al-douri-abu-baker/barazek/barazek-497596,Aldouri Ghraybeh,550g,AED 19.75 ,https://s3-eu-west-1.amazonaws.com/elgrocerstaging/products/photos/000/309/306/medium/2091.jpg?1625071108
https://www.elgrocer.com/store/al-douri-abu-baker/barazek/barazek-497596,Aldouri Date Maamoul,500g,AED 19.75 ,https://s3-eu-west-1.amazonaws.com/elgrocerstaging/products/photos/000/309/305/medium/maamul-dates.jpg?1625071173
https://www.elgrocer.com/store/al-douri-abu-baker/barazek/barazek-497596,Aldouri Barazek,420g,AED 19.75 ,https://s3-eu-west-1.amazonaws.com/elgrocerstaging/products/photos/000/309/304/medium/bazarek1.jpg?1625072756
