product_link,badge,ingredient,brand,country,rating,count,recommend
https://www.ocado.com/products/rachel-s-organic-luscious-vanilla-yoghurt-19317011,"Organic, Suitable for vegetarians","Organic Yogurt (from Milk), Water, Organic Sugar, Organic Cream (from Milk), Organic Rice Starch, Thickener: Pectin, Natural Vanilla Flavouring, Organic Vanilla (Extract Powder), Organic Concentrated Lemon JuiceDietary InformationSuitable for Vegetarians; Organic",Rachel's,NA,4.0,114,81
https://www.ocado.com/products/yeo-valley-organic-0-fat-natural-yoghurt-44244011,"Organic, Suitable for vegetarians","No added ingredients, Contains the following Live Cultures: Bifidobacterium, Lactobacillus Bulgaricus, Streptococcus ThermophilusAllergen InformationContains MilkAllergy InformationContains Milk.Dietary InformationOrganic; No Added Sugar; Suitable for Vegetarians",Yeo Valley,NA,4.2,19,85
https://www.ocado.com/products/natoora-spanish-organic-unwaxed-oranges-66801011,"Organic, Suitable for vegetarians",NA,Natoora,Spain,3.7,94,75
https://www.ocado.com/products/yorkshire-provender-pea-creme-fraiche-with-spinach-55517011,"Suitable for the microwave, Suitable for vegetarians","Water, Peas (27%), Potato, Onion, Spinach (2.5%), Crème Fraiche (Milk) (2.5%), Unsalted Butter (Milk), Vegetable Bouillon [Salt, Potato Starch, Dried Vegetables (Celeriac (Celery), Onion, Garlic, Tomato), Spices (Celery, Turmeric, Black Pepper, Mace, Nutmeg), Herbs (Lovage, Parsley)], Garlic Purée, Fresh Yorkshire­† Mint, Fresh Yorkshire† Parsley, Acidity Regulator (Potassium Carbonates), White Pepper, †Subject to seasonal availability approx. May to OctoberAllergen InformationContains Celery, Contains MilkDietary InformationSuitable for Vegetarians; No Added Sugar; Gluten free",Yorkshire Provender,United Kingdom,4.0,158,75
https://www.ocado.com/products/warburtons-3pk-giant-crumpets-547911011,"Suitable for freezing, Suitable for vegetarians","Wheat Flour [with Calcium, Iron, Niacin (B3) and Thiamin (B1)], Water, Yeast, Raising Agents: E450, E500, Salt, Sugar, Preservative: Calcium PropionateAllergen InformationMay Contain Eggs, May Contain Milk, May Contain Sesame, May Contain Soya, Contains WheatAllergy InformationThis product is produced in a bakery which uses Milk, Sesame Seeds, Soya and Egg.Dietary InformationSuitable for Vegans; Kosher; Halal",Warburtons,NA,4.5,32,88
https://www.ocado.com/products/m-s-sliced-pepperoni-570361011,NA,"Pork (made with 145g of Raw Pork per 100g of Pepperoni), Curing Salt (Salt, Preservative: Sodium Nitrite, Potassium Nitrate), Ground Spices (Smoked Paprika, Chilli Powder, White Pepper), Sugar, Fennel Seeds, Black Peppercorns, Dried Garlic, White Wine, Antioxidant: E301",M&S,Italy,NA,NA,NA
https://www.ocado.com/products/green-orangeade-516848011,Suitable for vegetarians,"Water, Orange Juice 20% (from Concentrated Juice), Carbon Dioxide, Acidifying Agents: Citric Acid and Malic Acid, Preservative: Potassium Sorbate, Antioxidant: Ascorbic Acid, Sweeteners: Steviol Glycosides and Sucralose, Natural Flavourings, Flavourings, Stabilizers: Locust Bean Gum, Gum Arabic and Glycerol Esters of Wood Rosins, Colour: Beta-CaroteneDietary InformationNo Added Sugar",GREEN COLA,NA,4.3,23,87
https://www.ocado.com/products/pagen-gifflar-vanilla-rolls-570255011,"Suitable for freezing, Suitable for the microwave, Suitable for vegetarians","Wheat Flour, Water, Sugar, Rapeseed Oil, Skimmed Milk, Yeast, Egg, Salt, Modified Starch, Maltodextrin, Glucose, Almond, Potato Fiber, Vanilla Extract, Pectin, Raising Agents (E450, E500), Emulsifier (E471), Preservatives (E200, E282), Colours (E101, E160a), Acid (Citric Acid), FlavorAllergen InformationContains Almonds, Contains Eggs, Contains Milk, Contains Wheat",Pagen,NA,3.5,16,69
https://www.ocado.com/products/volcano-coffee-works-bold-morning-shot-whole-bean-549578011,Suitable for vegetarians,NA,Volcano Coffee Works,Colombia,NA,NA,NA
https://www.ocado.com/products/fever-tree-refreshingly-light-clementine-cinnamon-tonic-water-cans-512712011,Suitable for vegetarians,"Carbonated Spring Water, Fructose (Fruit Sugar), Acid: Citric Acid, Natural Clementine and Cinnamon Flavouring, Natural Flavourings including Natural Quinine",Fever-Tree,United Kingdom,4.4,68,92
https://www.ocado.com/products/m-s-percy-pig-fruit-juice-drink-510473011,NA,"Red and White Grape Juice from Concentrate (52%), Water, Raspberry Purée (17%), Apple Juice from Concentrate (5%), Lemon Juice from Concentrate",M&S,UK,3.2,6,50
https://www.ocado.com/products/plenish-lift-organic-cold-pressed-raw-juice-247024011,"Organic, Suitable for vegetarians","Our 100% Pure Juice contains: Pear 37%, Cucumber 37%, Romaine 11%, Spinach 5%, Kale 5%, Basil 2%, Broccoli 2%, Lime 1%Allergen InformationFree From GlutenDietary InformationOrganic; No Added Sugar",PLENISH,United Kingdom,3.3,33,55
https://www.ocado.com/products/daylesford-organic-pastured-lamb-mince-64281011,"Suitable for freezing, Organic",NA,DAYLESFORD ORGANIC,UK,2.9,144,49
https://www.ocado.com/products/nescafe-dolce-gusto-cappuccino-pods-33563011,Suitable for vegetarians,"Whole Milk Powder (82,4%), SugarAllergen InformationContains Milk, May Contain SoyaAllergy InformationMay contain Soya.",Dolce Gusto,NA,4.1,31,88
https://www.ocado.com/products/robinsons-benefit-drops-immunity-566588011,Suitable for vegetarians,"Water, Fruit Juices from Concentrate (Orange 39%, Guava 0.7%), Acid (Citric Acid), Acidity Regulator (Sodium Citrate), Natural Orange Flavouring with other Natural Flavourings, Sweeteners (Sucralose, Acesulfame K), Vitamin C, Stabiliser (Acacia Gum), Preservatives (Potassium Sorbate, Sodium Metabisulphite), Carrot Concentrate, Natural Colour (Carotenes)Allergen InformationContains Sulphur Dioxide/SulphitesDietary InformationSuitable for Vegetarians; Suitable for Vegans; No Added Sugar",Robinsons,NA,4.3,38,87
https://www.ocado.com/products/m-s-green-beans-519981011,"Suitable for the microwave, Suitable for vegetarians",NA,M&S,NA,2.8,34,50
https://www.ocado.com/products/ocado-free-range-whole-chicken-228480011,Suitable for freezing,NA,Ocado,UK,3.2,104,56
https://www.ocado.com/products/m-s-british-porchetta-pork-belly-joint-523982011,Suitable for freezing,"British Pork Belly (63%), British Pork Shoulder (33%), Rapeseed Oil, Garlic Purée, Sage, Thyme, Concentrated Lemon Juice, Parsley, Lemon Peel, Fennel Seeds, Sea Salt, Cracked Black Pepper",M&S,United Kingdom,3.9,48,67
https://www.ocado.com/products/innocent-apple-mango-juice-82466011,Suitable for vegetarians,"11 Pressed Apples (93%), 3/4 Crushed Mango (7%) and a Dash of Antioxidant: Ascorbic Acid (Vitamin C)** Squashed into every bottle, **It stops the Apples going brown. No one likes brown ApplesAllergen InformationFree From NutsDietary InformationSuitable for Vegetarians; Suitable for Sufferers of Lactose Intolerance",Innocent,United Kingdom,4.0,10,70
https://www.ocado.com/products/ufc-velvet-dairy-free-coconut-milk-unsweetened-464547011,Suitable for vegetarians,"Coconut Milk (59%), Coconut Water (40%), Natural Calcium, Gellan Gum (E418), Ester of Sugar (E473), Natural flavors, Sea Salt and Vitamin D2Allergen InformationFree From SoyaDietary InformationSuitable for Vegans; Organic; Halal",UFC,Thailand,4.6,67,89
https://www.ocado.com/products/ocado-french-blend-roast-ground-coffee-313339011,Suitable for freezing,Roast and Ground Coffee (100%). ,Ocado,NA,4.4,61,94
https://www.ocado.com/products/living-seedful-gluten-free-pure-grain-bread-407856011,"Suitable for freezing, Suitable for the microwave, Organic, Suitable for vegetarians","Water, Gluten Free Oat Flakes, Sunflower Seeds, Brown Linseeds, Golden Linseeds, Rapeseed Oil, Pumpkin Seeds, Millet Seeds, Psyllium Fibre, Milled Brown Linseed, Apple Cider Vinegar, Himalayan SaltAllergen InformationMay contain traces of soy beans.Dietary InformationHigh Fiber, High Omega 3 Fatty Acids, High Magnesium, Low Sugars, Low Carbs, Wheat Free, Dairy Free, Free From GMO, No Trans, No Additives, No Preservatives, Vegan, Vegetarian",Living Seedful,Poland,3.7,97,69
https://www.ocado.com/products/kim-kong-kimchi-unpasteurised-vegan-kimchi-574919011,Suitable for vegetarians,"Chinese leaf, spring onion, carrot, gochugaru (chilli flakes), aka miso [soybean, rice, salt, ethyl alcohol, koji, yeast], ginger, garlic, salt, sugarAllergen InformationContains soy.Made in a kitchen that occasionally handles nuts.Dietary InformationVeganNo gluten",Kim Kong Kimchi,UK,5.0,8,88
https://www.ocado.com/products/chavroux-mild-soft-goats-cheese-14686011,NA,"Pasteurised Goats' Milk and Cream, Salt, Starter Cultures, Goats' RennetAllergy InformationProduced in a factory that handles Cows' MilkDietary InformationSuitable for Vegetarians",Chavroux,France,4.7,83,93
https://www.ocado.com/products/lavazza-qualita-rossa-coffee-beans-57804011,Suitable for vegetarians,NA,Lavazza,NA,4.7,15,94
https://www.ocado.com/products/m-s-raspberry-jam-sponge-puddings-519015011,"Suitable for freezing, Suitable for the microwave, Suitable for vegetarians","Raspberry Jam (Glucose-Fructose Syrup, Raspberry Purée, Sugar, Gelling Agent: Pectin (from Fruit), Acid: Citric Acid, Acidity Regulator: E331), Wheatflour contains Gluten (with Wheatflour, Calcium Carbonate, Iron, Niacin, Thiamin), Sugar, Whole Milk, Pasteurised Egg, Butter (Milk), Palm Oil, Rapeseed Oil, Raising Agent: E450, E501, Emulsifier: E471, Salt, FlavouringAllergen InformationContains Cereals Containing Gluten, Contains Eggs, Contains Milk, May Contain Nuts, May Contain Peanuts, Contains Wheat.Not suitable for Nut and Peanut allergy sufferers due to manufacturing methods.Dietary InformationSuitable for Vegetarians",M&S,UK,3.6,15,54
https://www.ocado.com/products/exalt-morning-glory-coffee-cacao-breakfast-protein-smoothie-558134011,Suitable for vegetarians,"Hazelnut Milk (Water, Organic Rice, Organic Hazelnuts (2%), Organic Cold-pressed Sunflower Oil, Sea Salt), Coffee (15%), Vegan Protein Blend*, Hazelnuts, Bananas, Organic Oats, Organic Cocoa (2%), Dates.*EXALT Cacao Vegan Blend: Pea Protein, Hemp Seed Protein, Pumpkin Seed Protein, Organic Cacao Powder, Natural Sweetener (Erythritol, Stevia), Coconut Sugar, Dates, Natural Flavouring, Cellulose Gum, Sea Salt.Allergen InformationContains nuts.Dietary InformationNo nasties: free from artificial preservatives, artificial flavouring or artificial colouringCold-pressed. Never pasteurised.Suitable for vegans & vegetariansGluten, GMO & Soy freeHigh in protein (20g)Source of antioxidants (Manganese)Source of fibreSource of iron",EXALT,UK,4.4,33,88
https://www.ocado.com/products/m-s-alcohol-free-pina-colada-juice-516001011,Suitable for vegetarians,"White Grape Juice, Pineapple Juice (40%), Coconut Purée (5%), Lemon Juice, Stabiliser: Pectin (from Fruit)Dietary InformationSuitable for Vegetarians; Suitable for Vegans",M&S,Spain,3.9,10,70
https://www.ocado.com/products/daylesford-organic-hand-lotion-bitter-orange-420036011,Organic,"Aqua (water), prunus amygdalus dulcis (sweet almond) oil*, glycerin**, cetearyl alcohol, stearic acis, butyrospermum parkii (shea) butter*, Octyldodecanol oleyl alcohol, glyceryl caprylate, prunus armeniaca (apricot) kernel oil*, aloe barbadensis leaf juice powder*, glyceryl stearate citrate, sodium benzoate, tocopherol, limonene, citrus aurantium dulcis (sweet orange) peel oil*, xanthan gum, sodium stearoyl glutamate, potassium sorbate, helianthus annuus (sunflower) seed oil, glyceryl undecylenate, rosmarinus officinalis (rosemary) leaf oil*, citrus nobilis (mandarin orange) peel oil*, chamomilla Recutita (matricaria) flower extract*, citrus aurantium amara (bitter orange) leaf/twig oil*, zingiber officinale (ginger) root oil*, fragrance (parfum)*, linalool, citric acid, sodium hydroxide. *from organic agriculture. **organic origin.  99% of total ingredients are natural origin.  85% of total ingredients are organic.",Daylesford,NA,NA,NA,NA
https://www.ocado.com/products/cadbury-flake-chocolate-dessert-44136011,NA,"Water, Milk Chocolate (19%) (Milk, Sugar, Cocoa Butter, Cocoa Mass, Vegetable Fats (Palm, Shea), Emulsifier (E442), Flavourings), Concentrated Skimmed Milk, Sugar, Cream, Dried Buttermilk, Palm Oil, Fat Reduced Cocoa Powder, Whey Powder (from Milk), Modified Maize Starch, Pork Gelatine, Emulsifier (E471), Stabilisers (E412, Pectin), Dried Glucose Syrup, Acidity Regulator (Sodium Citrates), SaltAllergen InformationMay Contain Cereals Containing Gluten, May Contain Eggs, Contains Milk, May Contain NutsAllergy InformationMay contain Nuts, Egg and Cereals containing GlutenDietary InformationSuitable for Coeliacs",Cadbury,United Kingdom,3.4,14,58
https://www.ocado.com/products/ocado-british-chicken-drumsticks-56965011,Suitable for freezing,NA,Ocado,UK,3.6,119,72
https://www.ocado.com/products/o-r-s-lemon-hydration-tablets-289184011,Suitable for vegetarians,"Ingredients: Dextrose (Glucose), Acidity Regulators (Citric Acid, Sodium Bicarbonate), Potassium Chloride, Sodium Chloride, Natural Lemon Flavouring (Maltodextrin, Acacia Gum, Flavouring Preparations), Maize Starch, Sweetener (Sucralose), Riboflavin.Allergen InformationFree From GlutenDietary InformationSuitable for Vegetarians; Suitable for VegansProduct detailsSpecificationsPlastic Tube containing 24 tablets. Tube size 145mm x 40mm x 40mm Weight 100g",O.R.S,NA,3.0,5,40
https://www.ocado.com/products/hawksmoor-british-beef-bone-marrow-546552011,Suitable for freezing,NA,Hawksmoor,NA,4.4,19,85
https://www.ocado.com/products/nurishment-original-chocolate-milkshake-95256011,NA,"Whole Milk (60%), Skimmed Milk (20%), Sugar, Water, Milk Protein, Fat-Reduced Cocoa Powder, Emulsifier (E471), Vitamins and Minerals (Vitamin C, Niacin, Vitamin A, Copper Gluconate, Manganese, Vitamin D3, Thiamin, Vitamin B6, Riboflavin, Folic Acid, Potassium Iodide, Vitamin B12), Stabilisers (E331, E407), Flavouring, Caramel Burnt Sugar, SaltAllergen InformationContains MilkDietary InformationSuitable for Vegetarians",Nurishment,United Kingdom,4.2,5,80
https://www.ocado.com/products/amisa-organic-gluten-free-focaccia-rolls-481743011,"Organic, Suitable for vegetarians","Corn Starch*, Water, Natural Rice Sourdough* (Rice Flour*, Water), Sunflower Oil*, Corn Flour*, Psyllium Seed Husks*, Pea Protein, Linseed Flour*, Yeast*, Dextrose*, Sea Salt, Apple Bran*, Thickener: Guar Gum*, Xanthan Gum, Herbs*, *= Certified Organic ingredientsAllergen InformationFree From GlutenAllergy InformationNot suitable for Soya, Lupin, Sesame or Egg allergy sufferers due to manufacturing methodsDietary InformationOrganic",Amisa,NA,5.0,12,100
https://www.ocado.com/products/belvoir-raspberry-lemon-cordial-66348011,Suitable for vegetarians,"Sugar, Pressed Raspberry Juice 28%, Water, Lemon Juice 9%, Freshly Squeezed Lemon Juice 6%, Citric AcidDietary InformationSuitable for Vegetarians",Belvoir,United Kingdom,4.5,31,91
https://www.ocado.com/products/mr-kipling-signature-apple-pear-custard-tarts-508733011,Suitable for freezing,"Wheat Flour (with added Calcium, Iron, Niacin, Thiamin), Sugar, Vegetable Oils (Rapeseed, Palm), Dextrose, Glucose Syrup, Water, Diced Bramley Apple, Bramley Apple Purée, Salted Butter (Milk), Humectant (Vegetable Glycerine), Whey Powder (Milk), Diced Pear, Maize Starch, Tapioca Starch, Salt, Emulsifiers (Polyglycerol Esters of Fatty Acids, Sorbitan Monostearate, Polysorbate 60), Acid (Malic Acid), Milk Proteins, Preservatives (Potassium Sorbate, Sodium Metabisulphite (Sulphites), Sulphur Dioxide), Gelling Agent (Sodium Alginate), Colours (Titanium Dioxide, Carotenes, Curcumin), Dried Egg, Soya Flour, Flavourings (contain Milk)Allergen InformationContains Eggs, Contains Milk, May Contain Nuts, Contains Soya, Contains Sulphur Dioxide/Sulphites, Contains WheatAllergy InformationMay also contain Nuts.Dietary InformationSuitable for Vegetarians",Mr Kipling,United Kingdom,4.0,30,84
https://www.ocado.com/products/cypressa-cypriot-halloumi-cheese-14746011,NA,"Halloumi Cheese (Milk), Salt, MintAllergen InformationContains MilkDietary InformationSuitable for Vegetarians",Cypressa,Cyprus,1.8,62,15
https://www.ocado.com/products/m-s-count-on-us-ham-mushroom-tagliatelle-543910011,"Suitable for freezing, Suitable for the microwave","Cooked Pasta (30%) (Water, Durum Wheat Semolina (contains Gluten)), Cooked Pulled Ham (15%) (Pork (96%), Curing Salt (Salt, Preservative: Sodium Nitrite), Brown Sugar, Stabiliser: E451, Antioxidant: E301), Semi-Skimmed Milk, Whole Milk, Mushrooms (12%), Water, Medium Fat Hard Cheese (Milk), Cornflour, Lemon Juice, Smoked Garlic Purée, Garlic Purée, Rapeseed Oil, Wheatflour (contains Gluten), Stabiliser: Pectin, Rosemary, Ground Black Pepper, Dried Porcini MushroomsAllergen InformationContains Cereals Containing Gluten, Contains Milk, Contains Wheat",M&S,United Kingdom,2.0,8,38
https://www.ocado.com/products/re-nourish-strength-soup-spicy-lentil-roasted-red-pepper-572190011,"Suitable for freezing, Suitable for the microwave, Organic, Suitable for vegetarians","Water, Tomatoes, Red Lentils (8.6%), Red Pepper (5.6%), Onion, Carrots, Sweet Potato, Tomato Puree, Rapeseed Oil, Red Chilli, Ground Coriander, Fresh Coriander Leaves, Vegetable Stock (Chicory Extract, Carrot Extract, Onion Powder, Tomato Powder, Salt, Yeast Extracts, Sunflower Oil, Natural Flavouring), Cumin, Turmeric, Garlic, Himalayan Salt, Fennel Seeds, Maca, Bay Leaf, Ground ChilliDietary InformationSuitable for Vegetarians; Suitable for Vegans; No Added Sugar; Low Fat; Gluten free",Re Nourish,NA,4.1,7,100
https://www.ocado.com/products/l-or-decaff-instant-coffee-549470011,Suitable for vegetarians,NA,L'OR,NA,3.8,32,79
https://www.ocado.com/products/natoora-italian-bresaola-66787011,NA,"Beef, Salt, Dextrose, Natural Flavours, Preservatives (E250) (E251)Allergen InformationMay Contain Milk, May Contain Nuts",Natoora,Italy,4.1,54,73
https://www.ocado.com/products/m-s-2-salmon-fishcakes-516690011,Suitable for freezing,"Scottish Salmon (Fish) (39%), Potatoes (28%), Wheatflour contains Gluten (with Wheatflour, Calcium Carbonate, Iron, Niacin, Thiamin), Water, Rapeseed Oil, Dried Potatoes, Fish Stock (Water, Haddock Bones (Fish), Onions, Rapeseed Oil, Flat Leaf Parsley, Bay Leaves), Onions, Lemon Juice, Salt, Cornflour, Dried Yeast, Parsley, Dill, Ground White Pepper, Ground PaprikaAllergen InformationContains Cereals Containing Gluten, Contains Fish, Contains Wheat",M&S,UK,4.4,24,80
https://www.ocado.com/products/m-s-orange-segments-518211011,Suitable for vegetarians,NA,M&S,UK,4.0,5,80
https://www.ocado.com/products/mr-freed-s-smoked-salmon-55138011,NA,"Farmed Salmon (Fish [Salmo Salar]) from Scotland (UK) or Norway, SaltAllergen InformationContains FishDietary InformationKosher; Halal",Mr Freed's,United Kingdom,3.7,115,68
https://www.ocado.com/products/rachel-s-organic-cream-top-mango-passion-fruit-550839011,"Organic, Suitable for vegetarians","Organic Yogurt (from Milk), Organic Cream (from Milk) 11%, Organic Fruit 8% (Organic Mango Pieces 4.4%, Organic Passion Fruit Juice 2.0%, Organic Mango Puree 1.6%), Organic Sugar, Thickeners (Pectin, Organic Carob Bean Gum), Natural Mango Flavouring, Natural Passionfruit FlavouringAllergen InformationContains MilkDietary InformationOrganic; Suitable for Vegetarians",Rachel's,NA,4.2,54,84
https://www.ocado.com/products/m-s-select-farms-british-12-free-range-pork-sausages-528750011,Suitable for freezing,"British Free Range Pork (97%), Sea Salt, Gluten Free Crumb (Rice Flour, Black Gram Flour, Cornflour, Salt, Dextrose), Water, Ground Spices (Black Pepper, White Pepper, Mace, Ginger), Dried Onions, Stabiliser: E451, Preservative: E223 (Sulphites), Antioxidant: Ascorbic Acid, Dried Sage, Sausages filled into natural Pork CasingsAllergen InformationContains Sulphur Dioxide/SulphitesDietary InformationGluten free",M&S,UK,2.8,30,47
https://www.ocado.com/products/biona-organic-pomegranate-juice-37512011,"Organic, Suitable for vegetarians","Pomegranate Juice* (Not from Concentrate), *= Certified Organic IngredientsDietary InformationOrganic",Biona,Turkey,3.5,39,59
https://www.ocado.com/products/slimfast-advanced-vitality-raspberry-crush-shake-10-servings-553773011,Suitable for vegetarians,"Maltodextrin, Soya Protein Isolate, Polydextrose, Soya Bean Oil, Milk Proteins, Natural Flavouring, Thickener (Xanthan Gum), Freeze Dried Raspberries (1%), Colour (Beetroot Red), Vitamins and Minerals*, Emulsifier (Soya Lecithin), Green Tea Extract (0.2%), Acid (Citric Acid), Sweetener (Sucralose), *Vitamins and Minerals: Magnesium Oxide, Potassium Phosphate, Vitamin C, Iron Pyrophosphate, Zinc Gluconate, Vitamin E, Niacin, Copper Gluconate, Vitamin A, Manganese Sulphate, Sodium Selenite, Biotin, Pantothenic Acid, Chromium Chloride, Vitamin D, Folic Acid, Vitamin K1, Vitamin B6, ThiaminAllergen InformationContains Milk, Contains SoyaDietary InformationSuitable for Vegetarians; No Added Sugar; Gluten free",Slim-Fast,NA,NA,NA,NA
https://www.ocado.com/products/m-s-british-king-edward-potatoes-518648011,Suitable for vegetarians,NA,M&S,NA,2.9,55,42
https://www.ocado.com/products/karaway-bakery-sweet-poppy-brioche-loaf-480120011,"Suitable for freezing, Suitable for vegetarians","Wheat Flour (Gluten), Filling Mix (Gluten), Water, Sugar, Poppy Seeds 4.4%, Butter (Milk), Fresh Yeast, Liquid Eggs, SaltAllergen InformationContains Cereals Containing Gluten, Contains Eggs, Contains Milk, Contains WheatAllergy InformationFactory also handles: Nuts, Peanuts, Sesame Seeds, Milk, EggsDietary InformationSuitable for Vegetarians",Karaway,NA,4.2,149,82
https://www.ocado.com/products/costa-whole-beans-intensely-dark-amazonian-blend-557722011,Suitable for vegetarians,NA,Costa,United Kingdom,NA,NA,NA
https://www.ocado.com/products/the-polish-bakery-poppy-seed-bun-452694011,"Suitable for freezing, Suitable for vegetarians","Wheat Flour, Sugar, Poppy Seeds (15%), Liquid Whole Egg, Water, Orange Peel (Sulphites), Margarine (Milk), Egg Yolk, Raisins (Sulphites), Milk Powder, Fresh Yeast, Sea Salt, Almond Extract (Nuts), Emulsifier (E472e, Rapeseed Oil, Flour Treatment Agent E300)Allergen InformationContains Eggs, Contains Milk, Contains Sulphur Dioxide/Sulphites, Contains WheatAllergy InformationProduced in a factory that handles Sesame Seeds and NutsDietary InformationSuitable for Vegetarians",The Polish Bakery,United Kingdom,4.0,98,77
https://www.ocado.com/products/twinings-ginger-bread-green-tea-20-tea-bags-261381011,Suitable for vegetarians,"Green Tea, Ginger Root* (29%), Natural Flavouring, *All herbs are gently steamed the process is gentle to protect their delicate taste",Twinings,NA,4.1,21,72
https://www.ocado.com/products/mini-babybel-cheddar-cheese-snacks-19491011,"Suitable for freezing, Suitable for vegetarians","Cheddar Cheese 94% (made with Pasteurised Milk), Water, SaltAllergen InformationContains MilkDietary InformationSuitable for Vegetarians",Babybel,NA,4.4,20,85
https://www.ocado.com/products/harvey-nichols-camomile-teabags-436010011,Suitable for vegetarians,Camomile Flowers (100%) in Biodegradable Teabags. Caffeine free.,Harvey Nichols,UK,4.2,22,96
https://www.ocado.com/products/m-s-cherry-cake-well-biscake-554948011,Suitable for vegetarians,"Sugar, Unsalted Butter (Milk), Wheatflour contains Gluten (with Wheatflour, Calcium Carbonate, Iron, Niacin, Thiamin), Pasteurised Egg, Glucose-Fructose Syrup, Rapeseed Oil, Ground Almonds, Cherry, Palm Oil, Humectant: Glycerol, Raspberry Purée, Dried Whole Milk, Modified Maize Starch, Dried Whey (Milk), Palm Kernel Oil, Rolled Oats, Emulsifier: Soya Lecithin, E481, E477, E471, Raising Agent: E450, Sodium Bicarbonate, Calcium Phosphates, E503, Glucose Syrup, Partially Inverted Sugar Syrup, Wholemeal Wheatflour (contains Gluten), Vanilla Flavouring, Wheat Gluten, Salt, Flavourings, Colour: Anthocyanins (from Red Grapes), Carotenes, Dried Skimmed Milk, Acidity Regulator: Citric Acid, Sodium Citrate, Gelling Agent: Pectin, Vanilla ExtractAllergen InformationContains Almonds, Contains Cereals Containing Gluten, Contains Eggs, Contains Milk, May Contain Nuts, Contains Oats, May Contain Peanuts, Contains Soya, Contains WheatAllergy InformationNot suitable for Nut and Peanut allergy sufferers.Dietary InformationSuitable for Vegetarians",M&S,United Kingdom,3.5,41,69
https://www.ocado.com/products/m-s-6-welsh-cakes-510647011,Suitable for vegetarians,"Wheatflour contains Gluten (with Wheatflour, Calcium Carbonate, Iron, Niacin, Thiamin), Unsalted Butter (Milk) (18%), Sugar, Greek Vostizza Currants (15%), Pasteurised Egg, Dried Skimmed Milk, Raising Agent: E450, E500, Ground Nutmeg, Palm FatAllergen InformationContains Cereals Containing Gluten, Contains Eggs, Contains Milk, Contains WheatDietary InformationSuitable for Vegetarians",M&S,UK,3.5,25,60
https://www.ocado.com/products/higgidy-smoked-english-bacon-quiche-49766011,NA,"Water, Wheat Flour (contains Calcium Carbonate, Iron, Niacin, Thiamin), Bacon Lardons (13%) (Pork, Water, Salt, Antioxidant: Sodium Ascorbate, Preservative: Sodium Nitrite), Mature Cheddar Cheese (Milk) (11%), Free Range Whole Egg, Sautéed Onion (Onions, Rapeseed Oil), Vegetable Oils (Sustainable Palm Oil, Rapeseed Oil), Spelt Flour (Wheat), Dried Skimmed Milk, Butter (Milk), Cornflour, Double Cream (Milk), Parsley, Brown Linseeds, Golden Linseeds, Poppy Seeds, Salt, Mustard Powder, Cayenne Pepper, PaprikaAllergen InformationContains Eggs, Contains Milk, Contains Mustard, Contains WheatAllergy InformationMade on a site that handles Sesame Seeds",Higgidy,NA,3.5,116,61
https://www.ocado.com/products/lactofree-semi-skimmed-milk-564650011,Suitable for vegetarians,"Semi Skimmed Milk, Lactase EnzymeAllergen InformationContains MilkAllergy InformationArla LactoFree is not suitable for Milk allergy sufferers.Dietary InformationSuitable for Vegetarians",Lactofree,United Kingdom,4.8,10,100
https://www.ocado.com/products/m-s-organic-large-beef-joint-515602011,"Suitable for freezing, Organic",NA,M&S,United Kingdom,3.5,32,60
https://www.ocado.com/products/harvey-nichols-ginger-chocolate-teabags-436013011,Suitable for vegetarians,"Rooibos (40%), ginger (15%), roasted chicory, fennel, cocoa beans (5%), lemon verbena, camomile, natural flavouring, stevia leaf in biodegradable teabags",Harvey Nichols,UK,2.9,23,31
https://www.ocado.com/products/willy-s-sparkling-apple-kombucha-apple-cider-vinegar-501577011,Suitable for vegetarians,"Water, Apple Juice, Kombucha (Water, Black Tea, Green Sencha Tea, Sugar, S.C.O.B.Y. (Symbiotic Colony of Bacteria and Yeast)), Apple Cider Vinegar, Fresh GingerDietary InformationSuitable for Vegetarians; Suitable for Vegans",Willy Chase's,NA,3.9,35,66
https://www.ocado.com/products/union-revelation-wholebean-300714011,"Suitable for freezing, Suitable for vegetarians",NA,Union Hand-Roasted,NA,4.5,60,84
https://www.ocado.com/products/twinings-superblends-metabolism-with-peppermint-spiced-green-tea-nettle-574702011,Suitable for vegetarians,"Green Tea (36%), Peppermint (36%), Nettle (8%), Ginger Root (5%), Natural Peppermint Flavouring (5%), Natural Flavourings, Cinnamon Bark (3%), ZincDietary InformationSuitable for Vegans",Twinings,NA,NA,NA,NA
https://www.ocado.com/products/ocado-italian-blend-coffee-beans-64724011,Suitable for freezing,Coffee (100%).,Ocado,NA,4.2,106,82
https://www.ocado.com/products/twinings-fruits-tea-selection-20-tea-bags-309430011,NA,"Cranberry & Raspberry: Hibiscus, Apple Pieces, Rosehips, Natural Cranberry and Raspberry Flavourings with other Natural Flavourings (10%), Elderflowers (8%), Liquorice Root, Mango & Strawberry: Hibiscus, Orange Leaves (16%), Natural Strawberry Flavouring with other Natural Flavourings (10%), Natural Flavourings (10%), Orange Peel (7%), Rosehips, Liquorice Root, Blackcurrant & Blueberry: Hibiscus, Rosehips, Blackberry Leaves, Natural Blackcurrant and Blueberry Flavourings with other Natural Flavourings (7%), Liquorice Root, St. Clements: White Hibiscus, Rosehips, Apple Pieces, Natural Lemon Flavouring with other Natural Flavourings (8%), Natural Orange Flavouring (5%), Hibiscus, Orange Peel, Roasted Chicory Root",Twinings,EU,4.2,25,92
https://www.ocado.com/products/little-dish-mild-korma-with-rice-british-chicken-kids-meal-31160011,"Suitable for freezing, Suitable for the microwave","Cooked Basmati Rice (45%)*, Cooked British Chicken (15%), Water, Onion, Yellow Pepper (5%), Mango (4.5%), Coconut Milk (4.5%), Cauliflower (3.5%), Sweet Potato (2%), Korma Paste**, Rapeseed Oil, Ginger Puree, Tomato, Cornflour, Garlic Purée, Lemon Juice, *Cooked Basmati Rice contains: Water, Basmati Rice, **Korma Paste contains: Yeast Extract, Spices, Rapeseed Oil, Water, Onion Concentrate, Salt, Tomato Puree, Desiccated CoconutDietary InformationNo Added Sugar",Little Dish,United Kingdom,4.1,58,76
https://www.ocado.com/products/m-s-collection-2-cod-loins-515615011,Suitable for freezing,NA,M&S,NA,2.9,20,35
https://www.ocado.com/products/m-s-british-mild-cheddar-528010011,Suitable for vegetarians,NA,M&S,UK,3.7,3,67
https://www.ocado.com/products/m-s-organic-salad-onions-525637011,"Organic, Suitable for vegetarians",NA,M&S,NA,2.9,24,46
https://www.ocado.com/products/highland-spring-sparkling-water-pear-elderflower-549306011,Suitable for vegetarians,"Carbonated Spring Water, Concentrated Apple Juice, Natural Flavourings (Elderflower, Pear, with other Natural Flavourings), Concentrated Lemon Juice, Preservative: Potassium Sorbate, Antioxidant: Ascorbic AcidDietary InformationNo Added Sugar",Highland Spring,United Kingdom,4.7,11,91
https://www.ocado.com/products/brioche-pasquier-brioche-rolls-with-chocolate-chips-266781011,Suitable for vegetarians,"Wheat Flour [with Calcium Carbonate, Iron, Niacin (B3) and Thiamin (B1)], Chocolate Chips 12% (Sugar, Cocoa Mass, Cocoa Butter, Emulsifier: Soya Lecithin), Levain 11% (Wheat Flour 6%, [with Calcium Carbonate, Iron, Niacin (B3) and Thiamin (B1)], Water, Salt), Sugar, Rapeseed Oil, Eggs, Yeast, Emulsifier: Mono and Diglycerides of Fatty Acids, Dried Whole Milk 1.4% (equivalent of 11% Reconstituted Whole Milk), Salt, Thickener: Carob Seeds Flour, Wheat Gluten, Vanilla Flavouring, Flour Treatment Agent: Ascorbic Acid, Milk ProteinsAllergen InformationMay Contain Nuts, May Contain PeanutsAllergy InformationThis product may also contain Peanuts and NutsDietary InformationSuitable for Vegetarians",Brioche Pasquier,United Kingdom,4.1,53,82
https://www.ocado.com/products/galbani-italian-mascarpone-cheese-42293011,Suitable for vegetarians,"Pasteurised Cream (Milk), Pasteurised Milk, Acidity Regulator (Citric Acid)",Galbani,Italy,4.5,11,91
https://www.ocado.com/products/the-collective-kids-banana-suckies-yoghurt-multipack-427296011,"Suitable for freezing, Suitable for vegetarians","Live Yoghurt** (Milk) (80%), Banana Puree (9%), Concentrated Apple Juice, Cornflour, Concentrated Grape Juice, Concentrated Lemon Juice, Natural Flavourings, **Contains Cultures: L. Bulgaricus and S. ThermophilusAllergen InformationContains MilkAllergy InformationContains Pasteurised Cow's Milk.Dietary InformationSuitable for Vegetarians; Gluten free",The Collective Dairy,United Kingdom,4.6,14,79
https://www.ocado.com/products/daylesford-cabbage-fennel-green-mini-bowl-421053011,NA,NA,Daylesford,NA,5.0,1,100
https://www.ocado.com/products/holy-moly-minis-509198011,Suitable for vegetarians,NA,Holy Moly,Mexico,4.6,77,93
https://www.ocado.com/products/finnebrogue-naked-smoked-12-streaky-bacon-418841011,Suitable for freezing,"British or Irish Pork (91%), Water, Salt, Natural Flavouring, Antioxidant: Ascorbic Acid, Smoke Flavouring",Finnebrogue,United Kingdom,3.8,87,67
https://www.ocado.com/products/tims-dairy-greek-style-yoghurt-with-honey-58077011,Suitable for vegetarians,"Brown Sugar, Cane Sugar, Honey (4.5%), Rice Starch Natural Flavouring, Lemon Juice Concentrate, Greek Style Natural Yogurt (Milk)Allergen InformationContains MilkDietary InformationSuitable for Vegetarians; Gluten free",Tims Dairy,UK,4.4,41,81
https://www.ocado.com/products/m-s-2-tandoori-naans-514752011,"Suitable for freezing, Suitable for vegetarians","Wheatflour contains Gluten (with Wheatflour, Calcium Carbonate, Iron, Niacin, Thiamin), Water, Whole Milk, Yogurt (Milk), Rapeseed Oil, Raising Agent: E450, Sodium Carbonates, Pasteurised Egg, Kalonji Seeds, SaltAllergen InformationContains Cereals Containing Gluten, Contains Eggs, Contains Milk, May Contain Nuts, May Contain Peanuts, May Contain Sesame, Contains Wheat.Not suitable for Nut, Peanut and Sesame allergy sufferers.Dietary InformationSuitable for Vegetarians",M&S,UK,4.0,58,78
https://www.ocado.com/products/higgidy-roasted-sweet-potato-feta-pie-78480011,"Suitable for freezing, Suitable for vegetarians","Sweet Potato (20%), Water, Sautéed Onion (Onions, Rapeseed Oil), Wheat Flour (contains Calcium Carbonate, Iron, Niacin, Thiamin), Feta Cheese (Milk) (10%), Mature Cheddar Cheese (Milk), Single Cream (Milk), Spinach (7%), Vegetable Oils (Sustainable Palm Oil*, Rapeseed Oil), Spelt Flour (Wheat), Cornflour, Dried Skimmed Milk, Sunflower Oil, Butter (Milk), Double Cream (Milk), Garlic Purée, Pumpkin Seeds, Brown Linseeds, Golden Linseeds, Salt, Poppy Seeds, Red Quinoa, White Quinoa, Black Pepper, Cumin Seeds, Dried Red Chilli (<1%), Paprika, Cayenne Pepper, Cumin, Nutmeg, Mustard Powder, YeastAllergen InformationMay Contain Eggs, Contains Milk, Contains Mustard, Contains WheatAllergy InformationAll ingredients are suitable for vegetarians. However, this product is made on a site where we also handle non-vegetarian products. Made on a site that also handles Egg.Dietary InformationSuitable for Vegetarians",Higgidy,UK,4.4,66,88
https://www.ocado.com/products/biona-organic-black-bean-cashew-nut-burgers-379219011,"Suitable for freezing, Suitable for the microwave, Organic, Suitable for vegetarians","Black Beans* (26%), Red Peppers* (15%), Potatoes* (13%), Corn Groats*, Onions* (7%), Cashew Nuts* (6%), Tomatoes* (6%), Buckwheat Flour*, Tomato Puree*, Sweetcorn*, Parsley*, Smoked Salt, Spices*, Sunflower Oil*, *= Certified organic ingredientsAllergen InformationContains Cashew Nuts, May Contain Cereals Containing Gluten, May Contain Mustard, May Contain Nuts, May Contain Sesame, May Contain SoyaAllergy InformationNot suitable for Nuts, Gluten, Mustard, Soya and Sesame allergy sufferers due to manufacturing methods.Dietary InformationSuitable for Vegetarians; Suitable for Vegans; Organic",Biona,NA,3.9,84,74
https://www.ocado.com/products/carte-noire-no10-corse-nespresso-compatible-coffee-capsules-370622011,"Suitable for freezing, Suitable for vegetarians",NA,Carte Noire,NA,3.3,22,64
https://www.ocado.com/products/ocado-cooked-cold-water-prawns-553014011,Suitable for freezing,"Prawns (Pandalus borealis) (Crustacean) (98%), Salt.For allergens, see ingredients in bold.Not suitable for Fish allergy sufferers.",Ocado,UK,4.5,53,89
https://www.ocado.com/products/harvey-nichols-pepperminty-teabags-440078011,Suitable for vegetarians," Peppermint Leaves (70%), Spearmint Leaves (30%) in Biodegradable Teabags. Caffeine free.",Harvey Nichols,UK,4.3,43,87
https://www.ocado.com/products/brew-tea-co-earl-grey-loose-leaf-tea-520743011,Suitable for vegetarians,"Ceylon Black Tea*, Orange Peel, Bergamot Oil, Marigold Petals, *Rainforest Alliance Certified™",Brew Tea Co,NA,5.0,1,100
https://www.ocado.com/products/m-s-organic-rocket-517867011,"Organic, Suitable for vegetarians",NA,M&S,Italy,3.6,40,58
https://www.ocado.com/products/m-s-spanish-peach-iced-tea-no-added-sugar-515382011,Suitable for vegetarians,"Water, Peach Juice (23%), White Tea Infusion (1%) (White Tea, Stabiliser: Xanthan Gum), Acidity Regulator: Citric Acid, Antioxidant: Ascorbic Acid, Sweetener: SucraloseDietary InformationSuitable for Vegetarians; Suitable for Vegans; No Added Sugar",M&S,Spain,3.5,11,64
https://www.ocado.com/products/high5-citrus-energy-drink-powder-564808011,Suitable for vegetarians,"Maltodextrin, Fructose 32%, Food Acids (Citric Acid, Malic Acid), Acidity Regulators (Sodium Citrates, Potassium Citrate), Natural Flavourings , Sodium Chloride. May contain traces of gluten, egg and/or milk. ",HIGH5,NA,NA,NA,NA
https://www.ocado.com/products/light-free-coconut-yoghurts-380980011,Suitable for vegetarians,"Yogurt (Milk), Oligofructose (Fibre), Coconut Flakes (0.6%), Starches (Potato, Tapioca), Modified Maize Starch, Natural Coconut Flavouring with other Natural Flavourings, Thickener (Carrageenan), Sweeteners (Acesulfame K, Sucralose), Acidity Regulators (Citric Acid, Sodium Citrate), Vitamin DAllergen InformationMay Contain Cereals Containing Gluten, Contains Milk, May Contain NutsAllergy InformationMay contain Nuts, Cereals containing Gluten.Dietary InformationSuitable for Vegetarians; No Added Sugar",Light & Free,Germany,4.2,20,80
https://www.ocado.com/products/daylesford-organic-desiccated-coconut-298648011,Organic,NA,DAYLESFORD ORGANIC,NA,4.5,12,92
https://www.ocado.com/products/jon-thorner-s-steak-ale-family-pie-94625011,Suitable for freezing,NA,Jon Thorners,England,3.7,245,66
https://www.ocado.com/products/seriously-spreadable-original-cheese-spread-46075011,"Suitable for the microwave, Suitable for vegetarians","Cheddar Cheese (Milk) (54%), Water, Skimmed Milk Powder, Butter (Milk), Emulsifying Salts (E331, E452, E450), Thickener (Pectin), Preservative (Potassium Sorbate)Allergen InformationContains MilkDietary InformationSuitable for Vegetarians",Seriously Strong,France,3.7,19,74
https://www.ocado.com/products/wholegood-organic-flat-parsley-551965011,"Organic, Suitable for vegetarians",NA,Wholegood,NA,3.3,6,67
https://www.ocado.com/products/m-s-olives-with-garlic-pimento-jalapeno-505673011,Suitable for vegetarians,"Garlic Stuffed Halkidiki Olives (Green Olives, Garlic), Pimento Stuffed Halkidiki Olives (Green Olives, Red Peppers), Jalapeño Stuffed Halkidiki Olives (Green Olives, Jalapeño Chilli Peppers), Sunflower Oil, Lemon Juice, Extra Virgin Olive Oil, Sugar, Basil, Parsley, Paprika Flakes, Salt, Acidity Regulator: Lactic AcidAllergen InformationMay Contain Nuts, May Contain PeanutsAllergy InformationNot suitable for Nut and Peanut allergy sufferers. Prepared to a Vegan recipe.Dietary InformationSuitable for Vegans",M&S,UK,4.4,27,78
https://www.ocado.com/products/genius-gluten-free-plain-bagels-330675011,"Suitable for freezing, Suitable for the microwave, Suitable for vegetarians","Starches (Maize, Potato, Tapioca), Water, Rapeseed Oil, Humectant (Vegetable Glycerol), Sugar, Psyllium Husk, Pea Protein, Yeast, Stabiliser (Hydroxypropyl Methyl Cellulose), Rice Flour, Fermented Maize Starch, SaltAllergen InformationFree From Gluten, Free From Milk, Free From WheatDietary InformationSuitable for Vegetarians; Suitable for Coeliacs",Genius,United Kingdom,3.1,38,48
https://www.ocado.com/products/rachel-s-organic-greek-style-ginger-yoghurt-59847011,"Organic, Suitable for vegetarians","Organic Yogurt (from Milk), Organic Cream (from Milk), Organic Sugar, Organic Candied Ginger 3% (Ginger, Sugar), Organic Rice Starch, Thickener: Pectin",Rachel's,UK,4.6,37,87
https://www.ocado.com/products/t2-detox-bio-tea-bags-551749011,Suitable for vegetarians,"Fennel (46%), Juniper Berries (21%), Spearmint, Liquorice Root (8.5%), Lemongrass, Strawberry Leaves, Alfalfa, Marigold Petals",T2,NA,NA,NA,NA
https://www.ocado.com/products/purition-cocoa-wholefood-nutrition-powder-486754011,Suitable for vegetarians,"Whey Protein Isolate MILK, Golden Linseed, Sunflower kernel , Almonds NUTS, Coconut, Cocoa, Chia (Salvia Hispanica), Pumpkin seeds, SESAME seeds, Nutritional Yeast, Psyllium Husk, Apple Pectin, Sweetener: Steviol glycosides (Stevia)Allergen InformationContains Sesame, Nuts , DairyDietary InformationNatually high in Protein, High in Fibre, Low in Sugar, Low in Carb, Natural Fats & Gluten Free - NO preservatives, Refined powders, emulsifiers, Gums, Oils Additives, Supplements",Purition,UK,2.3,3,34
https://www.ocado.com/products/heartsease-farm-sparkling-traditional-lemonade-542756011,Suitable for vegetarians,"Carbonated Spring Water, Sicilian Lemon Juice from Concentrate (10%), Sugar, Lemon Comminute from ConcentrateAllergy InformationProduced on an allergen free site.Dietary InformationSuitable for Vegetarians; Suitable for Vegans; No Added Sugar",Heartsease Farm,NA,4.0,11,82
https://www.ocado.com/products/ocado-british-chicken-legs-225626011,Suitable for freezing,NA,Ocado,NA,3.7,55,66
https://www.ocado.com/products/cocio-classic-chocolate-milk-487181011,Suitable for vegetarians,"2% Fat Milk (Milk), Sugar, 1,5% Fat-Reduced CocoaAllergen InformationContains Milk",Cocio,Denmark,4.2,55,86
https://www.ocado.com/products/ufit-strawberry-50g-protein-milkshake-256512011,NA,"Skimmed Milk, Water, Milk Protein, Inulin, Vitamin & Mineral Blend: (Vitamin C, Vitamin E, Selenium and Vitamin D2), Stabilisers: Gellan Gum, Carrageenan, Natural Flavouring, Acidity Regulator: Sodium Citrate, Salt, Sweetener: Sucralose, Colours: Lycopene, Beta CaroteneDietary InformationSuitable for Vegetarians",UFit,EU,4.4,5,80
https://www.ocado.com/products/dairylea-8-light-cheese-triangles-54657011,Suitable for vegetarians,"Skimmed Milk (Water, Skimmed Milk Powder), Cheese, Skimmed Milk Powder, Milk Protein, Emulsifying Salts (Triphosphate, Polyphosphates), Whey Powder (from Milk), Calcium Phosphate, Inulin, Acidity Regulator (Citric Acid), Milk Fat, Salt",Dairylea,NA,4.0,8,75
https://www.ocado.com/products/tea-energy-vitamin-tea-444671011,Suitable for vegetarians,"Green Tea, Yerba Mate (19%), Natural Flavouring, Vitamin B Complex [Biotin, Niacinamide, Pantothenic Acid, Riboflavin (B2), Vitamin B6, Thiamin (B1), Folic Acid, Vitamin B12], Vitamin C, Hibiscus, Siberian Ginseng (1%), CardamomAllergen InformationContains WheatDietary InformationSuitable for Vegetarians; Suitable for Vegans",Tea Plus,NA,4.3,22,82
https://www.ocado.com/products/high5-aqua-berry-energy-gel-411613011,Suitable for vegetarians,"Water, Glucose Syrup, Maltodextrin, Fruit Juice Concentrate (Raspberry 1%, Blackcurrant , Blueberry 0.2%),  Acidity Regulators (Sodium Citrates, Citric Acid, Malic Acid), Sodium Chloride, Preservatives (Potassium Sorbate, Sodium Benzoate), Natural Flavourings.Product detailsSpecificationsSuitable for vegetarians and vegans",HIGH5,UK,NA,NA,NA
https://www.ocado.com/products/daylesford-organic-strawberry-compote-50217011,Organic,"Strawberries (90%), cane sugar (10%)",DAYLESFORD ORGANIC,France,4.2,25,84
https://www.ocado.com/products/heinz-salad-dressing-spray-zesty-lemon-553339011,Suitable for vegetarians,"Water, White Wine Vinegar, Sugar, Rapeseed Oil, Lemon Juice Concentrate, Salt, Free Range Egg Yolk, Acidity Regulator - Sodium Acetate, Spirit Vinegar, Mustard Seeds, Natural Lemon Flavouring, Natural Onion Flavouring, Stabiliser - Xanthan Gum, Natural Garlic Flavouring, Sweetener - Steviol Glycosides, Colour - Beta CaroteneAllergen InformationContains Eggs, Contains MustardDietary InformationSuitable for Vegetarians",Heinz,NA,3.9,33,76
https://www.ocado.com/products/galbani-grated-mozzarella-568498011,"Suitable for freezing, Suitable for the microwave, Suitable for vegetarians","Vegetarian Mozzarella Cheese (Milk), Potato StarchAllergen InformationContains MilkDietary InformationSuitable for Vegetarians",Galbani,United Kingdom,1.0,1,0
https://www.ocado.com/products/m-s-orange-juice-with-juicy-bits-505190011,NA,NA,M&S,UK,4.8,11,91
https://www.ocado.com/products/warburtons-hot-dog-rolls-282800011,Suitable for freezing,"Wheat Flour [with Calcium, Iron, Niacin (B3) and Thiamin (B1)], Water, Vegetable Oil (Rapeseed, Sustainable Palm), Yeast, Salt, Sugar, Emulsifiers: E481, E471, Soya Flour, Wheat Gluten, Preservative: Calcium Propionate, Flour Treatment Agent: Ascorbic Acid (Vitamin C)Allergen InformationMay Contain Milk, May Contain Sesame, Contains Soya, Contains WheatAllergy InformationThis product is produced in a bakery which uses Milk and Sesame Seeds.Dietary InformationSuitable for Vegetarians; Suitable for Vegans; Kosher; Halal",Warburtons,NA,3.4,38,64
https://www.ocado.com/products/m-s-whole-wheat-chapattis-509896011,"Suitable for freezing, Suitable for vegetarians","Wholemeal Wheatflour (contains Gluten) (41%), Water, Wheatflour contains Gluten (with Wheatflour, Calcium Carbonate, Iron, Niacin, Thiamin), Rapeseed Oil, Humectant: Glycerol, Vinegar, Dried Fermented Wheatflour (contains Gluten), Raising Agent: E450, Sodium Bicarbonate, Calcium Phosphate, Wheat Fibre (contains Gluten), Salt, Dried Skimmed MilkAllergen InformationContains Cereals Containing Gluten, Contains Milk, Contains WheatAllergy InformationNot suitable for those with a Milk allergy.Dietary InformationSuitable for Vegetarians",M&S,UK,4.1,14,65
https://www.ocado.com/products/dell-ugo-freshtomato-basil-sauce-559809011,"Suitable for freezing, Suitable for the microwave, Suitable for vegetarians","Chopped Tomato (Tomatoes, Tomato Juice, Citric Acid) (54%), Water, Cherry Tomatoes (Cherry Tomatoes, Tomato Juice) (8%), Onion, Tomato Paste, Sundried Tomato Paste (Sundried Tomatoes, Sunflower Oil, Water, Salt), Olive Oil, Cornflour, Rapeseed Oil, Sea Salt, Garlic, Sugar, Balsamic Vinegar (Wine Vinegar, Concentrated Grape Must), Basil, Black Pepper, RosemaryDietary InformationSuitable for Vegans",Dell' Ugo,NA,3.8,4,50
https://www.ocado.com/products/harrods-no-49-blend-teabags-546170011,Suitable for vegetarians,Black Tea (100%),Harrods,NA,5.0,2,100
https://www.ocado.com/products/whittard-earl-grey-loose-tea-caddy-468764011,"Suitable for the microwave, Suitable for vegetarians","Black Tea, Bergamot Flavouring.Dietary InformationVegan and Vegetarian friendlyProduct detailsABV (%)n/a",Whittard,UK,NA,NA,NA
https://www.ocado.com/products/yeo-valley-organic-lemon-curd-yoghurt-60557011,"Organic, Suitable for vegetarians","Organic Whole Milk Yogurt, Organic Sugar (9%), Organic Pasteurised Free Range Egg, Organic Double Cream (Milk), Organic Concentrated Lemon Juice (0.4%), Organic Unsalted Butter (Milk), Rice Starch, Organic Lemon OilAllergen InformationContains Eggs, Contains MilkAllergy InformationMay also contain Nuts",Yeo Valley,UK,4.9,47,98
https://www.ocado.com/products/violife-mozzarella-grated-non-dairy-cheese-alternative-386145011,"Suitable for freezing, Suitable for the microwave, Suitable for vegetarians","Water, Coconut Oil (24%), Modified Starch*, Starch, Sea Salt, Mozzarella Flavour, Olive Extract, Colour: B-Carotene, Vitamin B12, *Not to be confused with GMO (Genetically Modified) ingredientsAllergen InformationFree From Cereals Containing Gluten, Free From Milk, Free From Nuts, Free From SoyaAllergy InformationFree from: Dairy, Gluten, Lactose, Nuts, SoyaDietary InformationSuitable for Vegetarians; Suitable for Vegans; Kosher; Gluten free",VIOLIFE,Greece,3.3,58,57
https://www.ocado.com/products/ocado-british-unsalted-butter-556966011,NA,"Butter (Milk)For allergens, see ingredients in bold.",Ocado,UK,4.8,24,88
https://www.ocado.com/products/carte-noire-no9-intense-nespresso-compatible-coffee-capsules-370621011,"Suitable for freezing, Suitable for vegetarians",NA,Carte Noire,NA,3.4,25,72
https://www.ocado.com/products/samosaco-punjabi-black-daal-565104011,"Suitable for freezing, Suitable for the microwave, Suitable for vegetarians","Water, Tomato, Black Gram(10%), Red Kidney Beans(6%), Lemon Juice, Rapeseed Oil, Ginger, Garlic, Tomato Purée, Sugar, Salt, Chilli Powder, Ground Cumin, Ground Coriander, Asafoetida, Fenugreek Leaf.Allergen InformationMade in a facility that handles mustard, egg, soya and sulphitesDietary InformationGluten Free. Vegan. Plant Based. No added sugar. Low in salt. Low in fat. Low in sugarFree from artificial additives, preservatives, MSG, GM and no Palm Oil",Samosa Co,United Kingdom,3.0,66,49
https://www.ocado.com/products/soupologie-five-a-day-garden-pea-with-leafy-spinach-414931011,"Suitable for freezing, Suitable for the microwave, Suitable for vegetarians","Water, Spinach (13%), Peas (13%), Parsnip (13%), Onions (13%), Apples (13%), Rapeseed Oil, Garlic, Vegetable Stock¹, Parsley, Salt, Black Pepper.¹Rice Flour*, Sea Salt, Maltodextrin from Maize*, Vegetables 8.3% (Onion, Carrot, Parsnip, Pumpkin)*, Yeast Extract, Sunflower Oil*, Turmeric*, Mushrooms (White Mushrooms, Shiitake)*, Parsley*, Concentrated Vegetable Juice (Onion, Carrot)*, Lovage*, Garlic*, Fennel Seeds*. *Organically grown ingredients.Allergen InformationFree-from the 14 main allergens.Dietary InformationNo added sugars. Suitable for vegans. Gluten free. Lactose free. Dairy free. Contains no genetically modified material. Low in fat. Low in saturates. Low in sugars. Low in salt. Low in calories. Free-from the 14 main allergens. A source of Vitamins A, C & B6.",Soupologie,UK,3.2,93,56
https://www.ocado.com/products/h-forman-son-royal-smoked-salmon-fillet-272468011,Suitable for freezing,"Fresh Scottish Salmon (Salmo Salar) (Fish), Salt, SmokeAllergen InformationContains FishDietary InformationKosher",H. Forman & Son,United Kingdom,4.3,61,81
https://www.ocado.com/products/oteas-rooibos-ginger-lemon-481395011,"Organic, Suitable for vegetarians","Rooibos, Organic Liquorice Root Fine-Cut, Ginger (5%), Lemon Peels (3%), Flavour, Spearmint Leaves, Lemongrass, Lemon Fruit Granulate (Glucose Syrup (Wheat), Lemon Juice Concentrate, Slightly Sweetened Apricots, Modified Starch (Potato), Thickening Agent: Sodium Alginate, Flavour) (1.25%), Marigold Flowers, Black PepperAllergen InformationFree From GlutenAllergy InformationThis product is manufactured in a factory where Nuts are usedDietary InformationOrganic",Oteas,NA,4.3,36,89
https://www.ocado.com/products/modern-baker-social-charcoal-sourdough-loaf-491853011,"Suitable for freezing, Suitable for vegetarians","Wheat Flour*, Rye Flour*, Apple Cider Vinegar*, Activated Charcoal Paste (1%), Salt, Water, (*Organic ingredients)Allergen InformationMay Contain Nuts, May Contain Peanuts, Contains Rye, May Contain Sesame, Contains WheatAllergy InformationMay also contain Nuts, Peanuts and SesameDietary InformationSuitable for Vegans; Organic",Modern Baker,NA,3.8,52,72
https://www.ocado.com/products/m-s-roasted-chilli-cheddar-505921011,Suitable for vegetarians,"Extra Mature Cheddar Cheese (Milk) (50%), Mild Cheddar Cheese (Milk) (43%), Roasted Red Chilli (4.5%), SugarAllergen InformationContains MilkDietary InformationSuitable for Vegetarians",M&S,UK,4.6,20,75
https://www.ocado.com/products/m-s-plant-kitchen-mushroom-pie-520698011,"Suitable for freezing, Suitable for vegetarians","Wheatflour contains Gluten (with Wheatflour, Calcium Carbonate, Iron, Niacin, Thiamin), Water, Chestnut Mushrooms (10%), White Mushrooms (10%), Palm Oil, Portobello Mushrooms (9%), Onions, Rapeseed Oil, Cornflour, Vegetable Stock (Water, Carrots, Onions, Leek, Bay, Thyme), Salt, Garlic Purée, Extra Virgin Olive Oil, Tomato Paste, Mushroom Stock (Concentrated Mushrooms, Water, Salt, Sugar, Dried Mushrooms, Rapeseed Oil), Sage, Soybeans, Ground Black Pepper, Apple Extract, Ground Turmeric, Acidity Regulator: E340, Calcium Carbonate, Stabiliser: E418, Riboflavin, Sea Salt, Vitamin B12, Vitamin DAllergen InformationContains Cereals Containing Gluten, May Contain Eggs, May Contain Milk, Contains Soya, Contains Wheat.Not suitable for Milk or Egg allergy sufferers because these allergens are present in the environment.Dietary InformationSuitable for Vegetarians; Suitable for Vegans",M&S,UK,3.6,63,67
https://www.ocado.com/products/ramona-s-beetroot-houmous-548989011,Suitable for vegetarians,"Cooked Chickpeas (64%) (Chickpeas, Water), Rapeseed Oil, Tahini (Sesame Seeds), Water, Beetroot (2%) (Beetroot, Acidity Regulator: Acetic Acid, Spirit Vinegar), Salt, Acidity Regulator: Citric Acid, Beetroot Powder (1%), Garlic Powder, Modified Maize Starch, Sugar, Preservative: Potassium Sorbate, SpicesAllergen InformationMay Contain Celery, May Contain Mustard, Contains Sesame, May Contain SoyaAllergy InformationMay contain Mustard, Celery and Soya.Dietary InformationKosher; Gluten free; Suitable for Vegetarians; Suitable for Vegans",Ramona's Kitchen,NA,4.5,11,91
https://www.ocado.com/products/kenco-millicano-americano-decaf-instant-coffee-75889011,NA,"Decaffeinated Instant Coffee (85%), Decaffeinated Roast and Ground Coffee (15%)",Kenco,NA,3.9,70,75
https://www.ocado.com/products/cru-kafe-organic-honduran-single-origin-nespresso-compatible-capsules-555385011,"Organic, Suitable for vegetarians",100% Organic Ground CoffeeDietary InformationOrganic,Cru Kafe,NA,4.2,38,79
https://www.ocado.com/products/natoora-italian-aubergine-321648011,Suitable for vegetarians,NA,Natoora,Italy,2.3,20,30
https://www.ocado.com/products/alpro-strawberry-yoghurt-alternative-281319011,Suitable for vegetarians,"Soya Base (Water, Hulled Soya Beans (9.7%)), Strawberry (10.9%) (Fruit (7%), Juice from Concentrate (3.9%)), Sugar, Acidity Regulators (Citric Acid, Sodium Citrates, Malic Acid), Stabiliser (Pectins), Calcium (Tri-Calcium Phosphate), Beetroot Extract, Natural Flavourings, Sea Salt, Carrot Extract, Antioxidants (Tocopherol-Rich Extract, Fatty Acid Esters of Ascorbic Acid), Vitamins (B2, B12, D2), Yogurt Cultures (S. Thermophilus, L. Bulgaricus)Allergen InformationMay Contain Nuts, Contains SoyaAllergy InformationMay contain traces of Nuts (no Peanuts)Dietary InformationSuitable for Vegans; Low Fat; Gluten free",Alpro,EU,4.4,57,88
https://www.ocado.com/products/harvey-nichols-mao-feng-green-tea-teabags-440067011,Suitable for vegetarians,Mao Feng loose leaf green tea (100%) in biodegradable teabags ,Harvey Nichols,UK,NA,NA,NA
https://www.ocado.com/products/natoora-italian-thick-slice-of-pancetta-66786011,NA,"Pork Meat (Origin: Italy), Salt, Pepper, Aromatic Plants.Allergen InformationMay Contain Milk, May Contain Nuts",Natoora,Italy,2.6,168,36
https://www.ocado.com/products/packington-free-range-medium-whole-chicken-251544011,Suitable for freezing,"100% Fresh Free Range British ChickenDietary InformationWheat Free, Gluten Free",Packington,UK,3.0,327,47
https://www.ocado.com/products/the-spice-tailor-2-plain-naans-298802011,"Suitable for freezing, Suitable for vegetarians","Fortified Wheat Flour (Wheat Flour, Calcium Carbonate, Iron, Niacin, Thiamin), Water, Yoghurt (Milk), Rapeseed Oil, Sugar, Yeast, Spirit Vinegar, Salt, Raising Agents (Diphosphates, Sodium Carbonate), Kalonji SeedsAllergen InformationContains Wheat, Contains Milk, May Contain Mustard, May Contain Nuts, May Contain Sesame, May Contain Peanuts, May Contain Celery, May Contain Sulphites, May Contain Soya, May Contain GlutenAllergy InformationMay also contain traces of Soya and SesameDietary InformationSuitable for Vegetarians",The Spice Tailor,United Kingdom,3.3,38,53
https://www.ocado.com/products/the-vegetarian-butcher-unbelievaballs-vegetarian-meatballs-170g-520666011,"Suitable for freezing, Suitable for vegetarians","SOY structure (70%) (water, isolated SOY protein, SOY protein concentrate, WHEAT gluten , WHEAT starch, soybean meal (SOY)), rapeseed oil, onions, free range EGG white, spice extracts, potato starch, palm fat, flavourings, spirit vinegar, caramelised sugar, dextrose, spices, thickener (processed eucheuma seaweed), salt, iron (Ferric pyrophosphate), vitamin B12Allergen InformationContains Cereals Containing Gluten, Contains Eggs, Contains Soya, Contains WheatAllergy InformationMay contain Milk, Peanuts and NutsDietary InformationSuitable for Vegetarians",The Vegetarian Butcher,Netherlands,4.1,63,75
https://www.ocado.com/products/m-s-globe-artichoke-527859011,NA,NA,M&S,NA,3.3,7,43
https://www.ocado.com/products/l-or-origins-papua-new-guinea-intensity-7-coffee-pods-504680011,NA,NA,L'OR,France,4.3,49,90
https://www.ocado.com/products/brew-tea-co-earl-grey-tea-bags-428679011,Suitable for vegetarians,"Ceylon Black Tea*, Orange Peel, Bergamot Oil, Marigold Petals, *Rainforest Alliance Certified™",Brew Tea Co,NA,4.3,46,83
https://www.ocado.com/products/mrs-crimble-s-gluten-free-6-large-coconut-macaroons-21323011,NA,"Coconut (30%), Sugar, Glucose Syrup, Egg White, Potato Starch, Dextrose, Rice FlourAllergen InformationContains Eggs, May Contain Milk, May Contain Nuts, May Contain SoyaAllergy InformationMay contain Milk, Soya and Nuts, as we do use these at the bakery.Dietary InformationSuitable for Vegetarians; Gluten free",Mrs Crimble's,EU,4.0,47,79
https://www.ocado.com/products/tenzing-natural-energy-raspberry-yuzu-551729011,Suitable for vegetarians,"Sparkling Water, Beet Sugar, Fruit Sugar, British Raspberry Juice (2.5%) and Lemon Juice (2.5%) from Concentrate, Herbal Extracts (Yuzu, Acerola, Caffeine from Green Coffee, Green Tea), Natural Flavourings, Electrolytes from Himalayan Rock SaltDietary InformationSuitable for Vegans",Tenzing,NA,3.7,42,67
https://www.ocado.com/products/teapigs-lemon-ginger-kombucha-558368011,Suitable for vegetarians,"Water, Green Tea, Black Tea, Organic Cane Sugar, Kombucha Culture, Ginger, Lemongrass, Lemon Peel, Liquorice Root",Teapigs,NA,4.0,1,100
https://www.ocado.com/products/ueshima-fuji-mountain-ground-552566011,Suitable for vegetarians,Coffee (100%),Ueshima,NA,4.2,5,60
https://www.ocado.com/products/m-s-british-4-pork-shoulder-steaks-527842011,Suitable for freezing,NA,M&S,UK,3.9,45,72
https://www.ocado.com/products/twinings-superblends-boost-with-mandarin-apple-and-green-tea-524104011,Suitable for vegetarians,"Green Tea (47%), Apple Pieces (22%), Blackberry Leaves, Natural Apple Flavouring with other Natural Flavourings (8%), Natural Mandarin Flavouring (4%), Guarana (2%), Natural Flavouring, Vitamin B6 (1%)Dietary InformationSuitable for Vegans",Twinings,NA,2.0,1,0
https://www.ocado.com/products/east-india-company-fine-loose-leaf-tea-caddy-selection-505319011,Suitable for vegetarians,"First Romance Black Tea: Black Tea, Rose Petals, Orange Peel, Marigold Petals, Cornflowers, Strawberry Flavour, Lotus Petals, Tropical Punch White Tea: White Tea, Rosehip Shells, Lemongrass, Hibiscus, Orange Peel,  Banana Flavour, Mango Flavour, Pineapple Flavour, Passionfruit Flavour, Jasmine Pearls Green Tea: Green Tea, Natural Jasmine Flavour",East India Company,NA,NA,NA,NA
https://www.ocado.com/products/m-s-pitted-black-olives-529586011,Suitable for vegetarians,"Black Olives (88%) (Olives, Salt, Stabiliser: E579), Sunflower OilDietary InformationSuitable for Vegans",M&S,United Kingdom,3.1,16,50
https://www.ocado.com/products/folkington-s-ginger-beer-554978011,Suitable for vegetarians,"Carbonated Natural Spring Water, Sugar, 2.6% Ginger Extract, Sicilian Lemon and English Rhubarb Juices (not from Concentrate)",Folkington's,NA,4.7,32,97
https://www.ocado.com/products/warburtons-milk-roll-27549011,"Suitable for freezing, Suitable for vegetarians","Wheat Flour [with Calcium, Iron, Niacin (B3) and Thiamin (B1)], Water, Dried Skimmed Milk Powder (2%), Sweet Cream Salted Butter (from Milk) (1%), Yeast, Salt, Vegetable Oil (Rapeseed, Sustainable Palm), Soya Flour, Preservative: Calcium Propionate, Flour Treatment Agent: Ascorbic Acid (Vitamin C)Allergen InformationContains Milk, Contains Soya, Contains WheatAllergy InformationThis product is produced in a bakery which uses Sesame Seeds and BarleyDietary InformationSuitable for Vegetarians; Kosher; Halal",Warburtons,NA,4.3,58,87
https://www.ocado.com/products/ocado-british-bbq-chicken-breast-slices-544040011,Suitable for freezing,"Chicken, Sugar, Maize Starch, Tomato Powder, Caramelised Sugar Powder, Dextrose, Brown Sugar, Salt, Stabiliser (Triphosphates), Yeast Extract, Smoke Flavouring, Garlic Powder, Smoked Salt, Onion Powder, Black Pepper, Paprika Extract, Cayenne Extract.Made with 116g of chicken per 100g of finished product.",Ocado,UK,NA,NA,NA
https://www.ocado.com/products/natoora-fresh-italian-flat-leaf-parsley-229444011,"Suitable for freezing, Suitable for vegetarians",NA,Natoora,Italy,3.4,39,52
https://www.ocado.com/products/m-s-buffalo-mozzarella-518121011,NA,NA,M&S,Italy,4.4,11,73
https://www.ocado.com/products/m-s-grape-pomegranate-blackcurrant-juice-515714011,Suitable for vegetarians,"Red Grape Juice (65%), Pomegranate Juice (25%), Blackcurrant Juice (10%)Dietary InformationSuitable for Vegetarians; Suitable for Vegans",M&S,Spain,4.5,17,89
https://www.ocado.com/products/m-s-the-american-pepperoni-pizza-562538011,Suitable for freezing,"Wheatflour contains Gluten (with Wheatflour, Calcium Carbonate, Iron, Niacin, Thiamin), Mozzarella Cheese (Milk) (18%), Water, Pepperoni (12%) (Pork (95%), Curing Salt (Salt, Preservative: Sodium Nitrite), Spice Extracts (Black Pepper, Paprika), Antioxidant: E392, E301, Sugar, Dextrose, Ground Spices (Cayenne Pepper, Ginger, Paprika, White Pepper), Garlic), Tomatoes, Rapeseed Oil, Tomato Paste, Sugar, Yeast, Salt, Dextrose, Extra Virgin Olive Oil, Basil, Cornflour, Garlic Purée, Durum Wheat Semolina (contains Gluten)Allergen InformationContains Cereals Containing Gluten, Contains Milk, Contains Wheat",M&S,United Kingdom,3.3,4,50
https://www.ocado.com/products/tortuga-caribbean-rum-cake-419611011,Suitable for freezing,"Sugar, Wheat Flour (with Niacin, Iron, Thiamine, Riboflavin and Folic Acid), Eggs, Water, Soyabean Oil, Skimmed Milk, Emulsifiers - Mono- and Di-Glycerides of Fatty Acids, Starch, Tortuga® Gold Rum (<0.5%), Egg Whites, Salt, Raising Agents - Sodium Bicarbonate, Sodium Acid Pyrophosphate, Calcium Phosphates and Sodium Aluminium Phosphate, Stabilisers - Gum Arabic, Xanthan Gum, Guar Gum, Sodium Alginate, Colours - Bakers' Caramel and Tartrazine*, Flavourings, Preservative - Sorbic Acid, Walnuts, *May have and adverse effect on activity and attention in childrenAllergen InformationContains Eggs, Contains Milk, Contains Soya, Contains Walnuts, Contains Wheat",Tortuga,NA,4.0,41,74
https://www.ocado.com/products/m-s-watercress-washed-ready-to-eat-518092011,Suitable for vegetarians,NA,M&S,"Spain, UK, USA",2.8,70,48
https://www.ocado.com/products/slimfast-advanced-vitality-salted-caramel-infusion-10-servings-553772011,Suitable for vegetarians,"Maltodextrin, Soya Protein Isolate, Polydextrose, Soya Bean Oil, Milk Proteins, Natural Flavouring, Colour (Plain Caramel), Thickener (Xanthan Gum), Vitamins and Minerals*, Salt, Emulsifier (Soya Lecithin), Green Tea Extract (0.2%), Sweetener (Sucralose), *Vitamins and Minerals: Magnesium Oxide, Potassium Phosphate, Vitamin C, Iron Pyrophosphate, Zinc Gluconate, Vitamin E, Niacin, Copper Gluconate, Vitamin A, Manganese Sulphate, Sodium Selenite, Biotin, Pantothenic Acid, Chromium Chloride, Vitamin D, Folic Acid, Vitamin K1, Vitamin B6, ThiaminAllergen InformationContains Milk, Contains SoyaDietary InformationSuitable for Vegetarians; No Added Sugar; Gluten free",Slim-Fast,NA,NA,NA,NA
https://www.ocado.com/products/merchant-s-heart-hibiscus-382599011,Suitable for vegetarians,"Carbonated Water, Sugar, Acid (Citric Acid), Flavourings (contains quinine), Colour (Anthocyanins), Extracts of Safflower, Lemon & Apple",Merchant's Heart,NA,4.4,25,92
https://www.ocado.com/products/m-s-green-apple-slices-peanut-butter-dip-520238011,Suitable for vegetarians,"Granny Smith Apples (62%), Peanut Butter Dip (38%), Peanut Butter Dip contains Peanuts, Sunflower Oil, Salt, Palm Oil, Brown Sugar, Peanut OilAllergen InformationMay Contain Eggs, May Contain Milk, May Contain Nuts, Contains Peanuts, May Contain Sesame Not suitable for Nut and Sesame allergy sufferers.Not suitable for Milk or Egg allergy sufferers because these allergens are present in the environment.Dietary InformationSuitable for Vegans",M&S,UK,4.2,10,90
https://www.ocado.com/products/m-s-atlantic-peeled-prawns-505244011,NA,"Prawns (Crustacean) (98%), SaltAllergen InformationContains Crustaceans",M&S,UK,3.8,35,66
https://www.ocado.com/products/kuka-cold-brew-coffee-ready-to-drink-429943011,Suitable for vegetarians,Speciality Coffee & Herefordshire Spring WaterAllergen InformationFree From DairyDietary InformationSuitable for Vegans; No Sugar,Kuka,United Kingdom,3.8,12,67
https://www.ocado.com/products/ocado-reduced-fat-coleslaw-572041011,Suitable for vegetarians,"Cabbage (52%), Water, Carrot (14%), Rapeseed Oil, Single Cream (Milk), Pasteurised Egg Yolk, Onion, Sugar, Spirit Vinegar, White Wine Vinegar, Salt, Stabilisers (Guar Gum, Xantham Gum).For allergens, see ingredients in bold.",Ocado,NA,3.5,2,50
https://www.ocado.com/products/calon-wen-organic-skimmed-milk-517801011,"Suitable for freezing, Organic, Suitable for vegetarians",NA,CALON WEN,United Kingdom,3.7,12,67
https://www.ocado.com/products/itsu-chilled-duck-bao-buns-562419011,Suitable for the microwave,"Wheat Flour, Duck Breast (18%), Water, Vegetables (15%) (Onion, Chinese Cabbage, Carrot, Spring Onion), Sugar, Corn Starch, Hoisin Sauce (4%) (Water, Sugar, Soya Beans, Wheat Flour, Sesame Oil, Salt, Garlic Powder, Ginger, Modified Tapioca Starch, Rice, Mixed Spices, High Maltose Syrup, Sticky Rice, Red Onion, Alcohol, Soya Oil), Soya Oil, Sesame Oil, Salt, Rice, Yeast, Soya Beans, Oyster Extract (Molluscs), Raising Agents*: Sodium Carbonates, Diphosphates, Colour: Plain Caramel, Orange Peel, *Commonly found in Baking Powder they help the bao'buns to rise making them light & fluffyAllergen InformationContains Molluscs, Contains Sesame, Contains Soya, Contains Wheat",Itsu,NA,3.2,17,65
https://www.ocado.com/products/twinings-english-breakfast-tea-100-tea-bags-13265011,NA,100% Black Tea,Twinings,NA,3.4,47,54
https://www.ocado.com/products/ocado-baby-plum-vine-tomatoes-319931011,Suitable for vegetarians,NA,Ocado,"Belgium, Spain, UK",4.1,203,77
https://www.ocado.com/products/irwin-s-together-stoneground-wheaten-bread-23675011,"Suitable for freezing, Suitable for vegetarians","Buttermilk (Milk) (46%), Wholemeal Wheat Flour, Sugar, Wheat Flour (Wheat Flour, Calcium Carbonate, Iron, Niacin, Thiamin), Rapeseed Oil, Oats, Raising Agent (Potassium Carbonate), Salt, Preservatives (Calcium Propionate, Potassium Sorbate)Allergen InformationContains Milk, Contains Oats, Contains WheatDietary InformationSuitable for Vegetarians",Irwins,UK,3.5,46,64
https://www.ocado.com/products/gradz-bakery-spirulina-pumpkin-seed-sourdough-400555011,"Suitable for freezing, Suitable for vegetarians","Wheat Flour (Wheat Flour, Calcium Carbonate (E170), Iron, Nicotinamide (Vit B3), Thiamine Hydrochloride (Vit B1)), Water, Wheat Sourdough (Water, Wheat Flour (Wheat Flour, Calcium Carbonate (E170), Iron, Nicotinamide (Vit B3), Thiamine Hydrochloride (Vit B1)), Rye Flour, Spirulina (3%), Pumpkin Seeds (3%), Rye Sourdough (Water, Rye Flour), Yeast, Sea Salt, Wheat Gluten, Emulsifier (E472e), Potato Starch, Stabiliser (E412), Wheat Malt, Barley Malt, Flour Treatment Agent (E300)Allergen InformationContains Barley, Contains Rye, Contains WheatAllergy InformationProduced in a factory that handles Sesame Seeds and NutsDietary InformationSuitable for Vegetarians",Gradz Bakery,United Kingdom,3.4,76,60
https://www.ocado.com/products/ocado-pak-choi-362001011,Suitable for vegetarians,NA,Ocado,"Spain, UK",4.2,53,82
https://www.ocado.com/products/m-s-chunky-minestrone-soup-with-bacon-516569011,Suitable for freezing,"Tomatoes (35%), Roast Chicken Stock (Water, Yeast Extract, Chicken Bones, Chicken Fat, Salt, Carrots, Onions, Tomato Paste, Bay, Thyme), Borlotti Beans (6%), Onions, Carrots, Celery, Smoked British Bacon (4%) (Pork (90%), Water, Curing Salt (Salt, Preservative: Sodium Nitrite), Antioxidant: E301), Courgettes, Dried Rigatini Pasta (3%) (Durum Wheat Semolina (contains Gluten), Water), Leeks, Tomato Purée, Red Wine, Garlic Purée, Olive Oil, Sugar, Salt, Basil, Parsley, Ground Black Pepper, Ground Bay LeavesAllergen InformationContains Celery, Contains Cereals Containing Gluten, Contains Wheat",M&S,UK,3.1,26,43
https://www.ocado.com/products/coldpress-pink-lady-apple-juice-plus-vitamins-70925011,Suitable for the microwave,Apple Juice (99.9%) with added Vitamin CDietary InformationSuitable for Vegans; No Added Sugar,Coldpress,EU,3.7,51,59
https://www.ocado.com/products/m-s-chocolate-trifle-515339011,Suitable for vegetarians,"Skimmed Milk, Whole Milk, Whipping Cream (Milk) (18%), Sugar, Double Cream (Milk), Milk Chocolate (4%) (Sugar, Dried Whole Milk, Cocoa Butter, Cocoa Mass, Dried Whey (Milk), Lactose (Milk), Emulsifier: Soya Lecithin, Flavouring), Dark Chocolate (2.5%) (Cocoa Mass, Sugar, Emulsifier: Soya Lecithin, Flavouring), Tapioca Starch, Wheatflour contains Gluten (with Wheatflour, Calcium Carbonate, Iron, Niacin, Thiamin), Fat Reduced Cocoa Powder, Pasteurised Egg, Dextrose, Dried Glucose Syrup, Emulsifier: E472b, Stabiliser: Pectin, E450, E401, Dried Skimmed Milk, Milk Protein, Flavouring, Raising Agent: Sodium BicarbonateAllergen InformationContains Cereals Containing Gluten, Contains Eggs, Contains Milk, May Contain Nuts, May Contain Peanuts, Contains Soya, Contains Wheat.Not suitable for Nut and Peanut allergy sufferers.Dietary InformationSuitable for Vegetarians",M&S,UK,3.8,8,75
https://www.ocado.com/products/dairylea-8-cheese-slices-14705011,Suitable for vegetarians,NA,Dairylea,Belgium,3.8,20,80
https://www.ocado.com/products/drink-me-chai-vegan-chai-latte-540349011,Suitable for vegetarians,"Sugar, Dried Glucose Syrup, Coconut Oil, Caramelised Sugar, Soy Protein, Instant Black Tea (2%), Stabilisers (E466, E340ii), Cinnamon (0.6%), Spices, Natural Flavourings, Emulsifier (E472e), SaltAllergen InformationMay Contain Milk, Contains SoyaAllergy InformationThis product may contain traces of Milk.Dietary InformationSuitable for Vegans; Gluten free",Drink Me Chai,United Kingdom,3.0,4,50
https://www.ocado.com/products/ocado-italian-ricotta-295195011,Suitable for vegetarians,"Ricotta Cheese (Milk), Acidity Regulator (Citric Acid).For allergens, see ingredients in bold.",Ocado,"Italy, EU",4.1,78,83
https://www.ocado.com/products/natoora-dried-shiitake-mushrooms-478674011,Suitable for vegetarians,NA,Natoora,China,4.0,8,75
https://www.ocado.com/products/elsinore-salmon-caviar-49493011,NA,"Pacific Salmon Roe (Oncorhynchus kisutch) (Fish) (96%), SaltAllergen InformationContains Fish",Elsinore,Sweden,3.4,57,65
https://www.ocado.com/products/m-s-baby-chicory-528415011,Suitable for vegetarians,NA,M&S,NA,4.2,5,80
https://www.ocado.com/products/ocado-piccerella-peppers-65263011,Suitable for vegetarians,NA,Ocado,"Spain, UK",4.4,132,85
https://www.ocado.com/products/m-s-chilli-coriander-soy-chunks-517740011,Suitable for vegetarians,"Soya Chunks (92%) (Water, Concentrated Soya Protein, Salt, Flavouring), Coriander, Garlic Purée, Rapeseed Oil, Sugar, Red Chillies, Soybeans, Sea Salt, Cornflour, Lime Juice, Roasted Wheat (contains Gluten), Salt, Wheat (contains Gluten)Allergen InformationContains Cereals Containing Gluten, May Contain Milk, Contains Soya, Contains Wheat.Not suitable for Milk allergy sufferers because this allergen is present in the environment.Dietary InformationSuitable for Vegans",M&S,UK,4.2,38,82
https://www.ocado.com/products/birchall-virunga-chai-15-prism-tea-bags-520323011,Suitable for vegetarians,"Black Tea*, Rooibos, Cinnamon, Cardamom, Cloves, Orange Peel, Ginger, * Rainforest Alliance Certified™Dietary InformationNo Sugar",Birchall Tea,NA,4.0,43,82
https://www.ocado.com/products/new-york-bagel-co-wholemeal-rye-thins-553437011,"Suitable for freezing, Suitable for vegetarians","Wholemeal Wheat Flour, Water, Rye Sour Dough, Sprouted Rye Grains (4%), Sugar, Wheat Gluten, Wheat Flour (Wheat Flour, Calcium Carbonate, Iron, Niacin, Thiamin), Yeast, Salt, Rapeseed Oil, Stabiliser: Cellulose Gum, Fermented Wheat Flour, Vegetable Proteins, Wheat Flour, Sunflower Oil, Flour Improver: Ascorbic Acid, Citric Acid, Dextrose, Maltodextrins, StarchAllergen InformationContains Rye, Contains WheatDietary InformationSuitable for Vegetarians; Suitable for Vegans",New York Bagel,United Kingdom,3.0,1,100
https://www.ocado.com/products/alpro-soya-chocolate-long-life-drink-208085011,"Suitable for the microwave, Suitable for vegetarians","Soya Base (Water, Hulled Soya Beans (7%)), Sugar, Fat-Reduced Cocoa (1.5%), Calcium (Calcium Carbonate), Stabilisers (Carrageenan, Guar Gum, Xanthan Gum), Acidity Regulator (Potassium Phosphates), Flavouring, Sea Salt, Natural Flavouring, Vitamins (B2, D2)Allergen InformationContains SoyaDietary InformationSuitable for Vegans; Gluten free",Alpro,EU,4.5,51,85
https://www.ocado.com/products/unearthed-spicy-chorizo-navarra-slices-527985011,NA,"Pork, Smoked Paprika, Salt, Garlic, Corn Dextrose, Antioxidants (Oregano Extract, Rosemary Extract), Preservatives (Sodium Nitrite, Potassium Nitrate), Prepared with 155g of Pork per 100g of product, Moisture is lost during curing and maturation",Unearthed,Spain,4.5,39,93
https://www.ocado.com/products/clipper-latin-american-fairtrade-organic-coffee-279282011,"Organic, Suitable for vegetarians","Coffee: Traded in compliance with Fairtrade standards, total 100%Dietary InformationOrganic",Clipper,NA,4.4,26,74
https://www.ocado.com/products/m-s-british-wafer-thin-roast-beef-515861011,NA,"British Beef (made with 115g of Raw Beef per 100g of Cooked and Roasted Topside of Beef), Salt",M&S,UK,4.2,55,77
https://www.ocado.com/products/mattarello-arrabbiata-sauce-241720011,"Suitable for freezing, Suitable for the microwave, Suitable for vegetarians","Tomatoes (70%) (Tomatoes, Tomato Juice), Tomato Concentrate, Sunflower Oil, Onions, Extra Virgin Olive Oil (2%), Salt, Basil, Garlic, Cornflour, ChilliesOur method of preparation is unsuitable for nuts, sesame, celery, egg, gluten, milk, mustard, soya, lupin, allergy sufferers.Allergen InformationNot suitable for barley, gluten, spelt, celery allergy sufferers due to manufacturing processes.",The Fresh Pasta Co.,Italy,4.2,24,80
https://www.ocado.com/products/m-s-made-without-quiche-lorraine-519115011,Suitable for freezing,"Whole Milk, Pasteurised Egg (16%), Maple Cured Smoked Bacon (16%) (Pork (84%), Water, Potato Starch, Sugar, Salt, Maple Syrup, Stabiliser: E451, Antioxidant: E301, Preservative: Sodium Nitrite), Mature Cheddar Cheese (Milk) (9%), Emmental Cheese (Milk) (8%), Single Cream (Milk), Rice Flour, Maize Flour, Potato Starch, Butter (Milk), Palm Oil, Rapeseed Oil, Modified Maize Starch, Stabiliser: Guar Gum, Tapioca Starch, Salt, Dextrose, Dried Mustard, Raising Agent: Sodium Bicarbonate, E450Allergen InformationContains Eggs, Contains Milk, Contains MustardDietary InformationGluten freeFree From Wheat",M&S,UK,4.1,40,73
https://www.ocado.com/products/m-s-chunky-country-vegetable-soup-516383011,"Suitable for freezing, Suitable for the microwave, Suitable for vegetarians","Vegetable Stock (Water, Concentrated Carrot, Concentrated Leek, Concentrated Onion, Salt, Ground White Pepper), Potatoes, Carrots (12%), Savoy Cabbage, Onions, Parsnip (4%), Swede (4%), Peas (2.5%), Double Cream (Milk), Leeks (2%), Cornflour, Rapeseed Oil, Salt, Parsley, Ground Black PepperAllergen InformationContains MilkDietary InformationSuitable for Vegetarians; Gluten free",M&S,UK,4.1,35,78
https://www.ocado.com/products/m-s-italian-style-baby-leaf-salad-washed-ready-to-eat-519557011,Suitable for vegetarians,"Baby Red Lettuce, Baby Green Lettuce, Rocket, Spinach",M&S,UK,3.5,31,75
https://www.ocado.com/products/m-s-4-chilli-halloumi-kebabs-552820011,Suitable for vegetarians,"Halloumi Cheese (Milk), Roasted Red Peppers, Extra Virgin Olive Oil, Tomato Paste, Concentrated Lemon Juice, Balsamic Vinegar, Dried Chipotle Chillies, Garlic, Dried Oregano, Kibbled Chillies, Chilli Powder, Cracked Black PepperAllergen InformationContains MilkDietary InformationSuitable for Vegetarians",M&S,United Kingdom,4.6,59,89
https://www.ocado.com/products/tanpopo-chicken-katsu-roll-551742011,NA,"SUSHI RICE: (49%) [Wheat (Gluten)] rice: water: vinegar: sugar: sunflower oil: 100% sunflower seed oil. white sesame: salt: CHICKEN KATSU: (27%) [Chicken Breast (58%), Wheat Flour, Water, Palm Oil, Corn Flour, Salt, Wheat Gluten, Yeast, Dextrose, Raising Agents (Disodium Diphosphate, Sodium Bicarbonate, Calcium Phosphate), Thickener (Guar Gum), White Pepper, Onion Powder, Garlic Powder] SWEET CHILLI MAYONNAISE SAUCE: (12%) [Rapeseed oil, Water, Soy Sauce 20% (Water, soybean, Wheat flour, Salt, Alcohol ( from Sugarcane),Pasteurised Egg yolk, Sugar, Spirit Vinegar, Salt, Glucose Syrup, Chilli flakes 1%, lemon juice concentrate, Thickener (Modified starch), Spices, Herb, Acidity Regulator,( Acetic acid), Rosemary extract, Preservatives ( Potassium sorbate, Sodium Benzoate), Paprika Extract.] SUNFLOWER OIL: (3%) 100% Sunflower seed oil. SPINACH: (3%) RED CABBAGE: (3%) MAYONNAISE: (2%) [Rapeseed Oil, Water, Pasteurised Free Range Egg, Spirit Vinegar, Salt, Sugar, Rosemary Extract, Lemon Juice] NORI SEAWEED: (1%)Allergen InformationSoy, Wheat (Gluten), Egg, Sesame",Tanpopo,UK,3.4,13,47
https://www.ocado.com/products/daylesford-organic-rosemary-hand-balm-420039011,Organic,"Olea europaea (olive) fruit oil*, aqua (Water), cetyl alcohol, prunus amygdalus dulcis, (sweet almond) oil*, theobroma cacao (cacao) seed butter*, butyrospermum parkii (shea) butter*, glyceryl stearate citrate, glyceryl stearate SE, aloe barbadensis leaf juice powder*, glycerin*, sodium benzoate, tocopherol, potassium, sorbate, citric acid, sodium stearoyl glutamate, helianthus annuus (sunflower)seed oil, citrus limon (lemon) peel oil*,rosmarinus officinalis (rosemary leaf oil*, limonene, lavandula angustifolia (lavender) oil*, linalool, anthemis nobillis (chamomile)flower oil*, fragrance (parfum)*, ciltral, sodium hydroxide. *from organic agriculture. **organic origin.  99% of ingredients are natural origin.  84% of ingredients are organic.",Daylesford,NA,4.2,11,91
https://www.ocado.com/products/sound-seafood-smoked-mackerel-284289011,"Suitable for freezing, Suitable for the microwave","Mackerel (Scomber Scombrus) (Fish) (97%), SaltAllergen InformationContains Fish",Sound Seafood,United Kingdom,3.8,33,64
https://www.ocado.com/products/moju-ginger-shot-487533011,Suitable for vegetarians,"Apple, Ginger Root (20%), Lemon, Acerola Cherry PowderDietary InformationSuitable for Vegans",Moju,NA,4.3,22,87
https://www.ocado.com/products/yogi-tea-org-men-s-tea-453930011,"Organic, Suitable for vegetarians","Ginger* (15%), Cardamom*, Liquorice*, Carob*, Cinnamon*, Barley Malt*, Roasted Chicory*, Peppermint*, Fenugreek*, Fennel*, Mace*, Anise*, Ginseng Root* (2%), Astragalus*, Turmeric Root*, Chili Pepper* (1%), Cinnamon Oil*, Black Pepper*, *Certified OrganicAllergen InformationContains BarleyAllergy InformationContains Barley Malt (Gluten containing Grain)Dietary InformationSuitable for Vegetarians; Suitable for Vegans; Organic",Yogi Tea,Italy,3.7,3,67
https://www.ocado.com/products/twinings-pineapple-lychee-fruit-tea-523434011,Suitable for vegetarians,"White Hibiscus, Rosehips, Apple Pieces, Lychee Flavouring (6%), Pineapple Flavouring (5%), Orange Peel, Hibiscus, Roasted Chicory Root, Natural Chilli Flavouring with other Natural Flavourings (3%), Natural FlavouringDietary InformationNo Sugar",Twinings,NA,3.5,53,65
https://www.ocado.com/products/m-s-mixed-berries-523963011,Suitable for vegetarians,NA,M&S,NA,2.6,16,44
https://www.ocado.com/products/m-s-british-fresh-goat-s-whole-milk-528084011,"Suitable for freezing, Suitable for vegetarians",NA,M&S,UK,3.9,7,72
https://www.ocado.com/products/cru-kafe-organic-decaf-single-origin-peruvian-nespresso-compatible-capsules-414395011,"Suitable for freezing, Organic, Suitable for vegetarians",100% Organic Ground CoffeeDietary InformationOrganic,Cru Kafe,Peru,3.8,51,75
https://www.ocado.com/products/m-s-creamy-brie-543191011,Suitable for vegetarians,NA,M&S,France,NA,NA,NA
https://www.ocado.com/products/the-spice-tailor-2-plain-naans-298802011,"Suitable for freezing, Suitable for vegetarians","Fortified Wheat Flour (Wheat Flour, Calcium Carbonate, Iron, Niacin, Thiamin), Water, Yoghurt (Milk), Rapeseed Oil, Sugar, Yeast, Spirit Vinegar, Salt, Raising Agents (Diphosphates, Sodium Carbonate), Kalonji SeedsAllergen InformationContains Wheat, Contains Milk, May Contain Mustard, May Contain Nuts, May Contain Sesame, May Contain Peanuts, May Contain Celery, May Contain Sulphites, May Contain Soya, May Contain GlutenAllergy InformationMay also contain traces of Soya and SesameDietary InformationSuitable for Vegetarians",The Spice Tailor,United Kingdom,3.3,38,53
https://www.ocado.com/products/glenilen-farm-mango-passion-fruit-yoghurt-82399011,Suitable for vegetarians,"Natural Yoghurt (Pasteurised Whole Milk, Water, Skimmed Milk Powder Live Yoghurt Cultures), Mango (10%), Sugar (4%), Passion Fruit (3%)Allergen InformationContains MilkDietary InformationGluten free",Glenilen Farm,Ireland,4.0,25,72
https://www.ocado.com/products/daylesford-organic-coffee-beans-372857011,Organic,Arabica coffee (100%).,DAYLESFORD ORGANIC,Honduras,5.0,1,100
https://www.ocado.com/products/m-s-select-farms-4-beef-burgers-3-fat-505069011,Suitable for freezing,"Beef (81%), Water, Roast Beef Stock (Water, Beef Bones, Tomato Purée, Mushrooms, Seaweed, Onions, Carrots, White Wine Vinegar), Dried Potatoes, Onions, Broad Bean Flour, Rice Flour, Sea Salt, Salt, Preservative: E223 (Sulphites), Cracked Black Pepper, DextroseAllergen InformationContains Sulphur Dioxide/SulphitesDietary InformationGluten free",M&S,UK,4.4,54,84
https://www.ocado.com/products/lucozade-energy-zero-original-546293011,Suitable for vegetarians,"Carbonated Water, Preservative (Potassium Sorbate), Sweeteners (Aspartame, Acesulfame K), Caffeine, Flavourings, Antioxidant (Ascorbic Acid), Acids (Citric Acid, Lactic Acid), Acidity Regulator (Sodium Citrate, Sodium Lactate), Colours (Sunset Yellow, Ponceau 4R)",Lucozade,NA,3.5,2,50
https://www.ocado.com/products/solo-coffee-concentrate-espresso-strength-cold-brew-coffee-562692011,Suitable for vegetarians,"Water, CoffeeDietary InformationNo Sugar",Solo Coffee,NA,4.6,11,91
https://www.ocado.com/products/schweppes-lemonade-16281011,NA,"Carbonated Water, Sugar, Lemon Juice from Concentrate (2%), Citric Acid, Flavourings, Acidity Regulator (Sodium Citrate), Sweeteners (Aspartame, Sodium Saccharin), Preservative (Potassium Sorbate), Antioxidant (Ascorbic Acid)Allergen InformationFree From Celery, Free From Cereals Containing Gluten, Free From Crustaceans, Free From Eggs, Free From Fish, Free From Lupin, Free From Milk, Free From Molluscs, Free From Mustard, Free From Nuts, Free From Peanuts, Free From Sesame Seeds, Free From Soya\Soybeans, Free From Sulphur Dioxide/Sulphites",Schweppes,UK,3.4,28,65
https://www.ocado.com/products/ocado-organic-12-beef-meatballs-550144011,Organic,"Beef (95%), Potato Starch, Water*, Salt*, Ground Nutmeg, Cracked Black Pepper, Antioxidant (Ascorbic Acid)*, Rosemary Extract. *permitted non-organic ingredients",Ocado,UK,2.5,13,31
https://www.ocado.com/products/soli-porcini-mushroom-ravioli-384396011,Suitable for freezing,"Filling (60%) (Sautéed Mushrooms (34%) [Mushroom, Porcini Mushrooms (26%), Onion, Sunflower Oil, Parsley, Salt, Dried Porcini Mushroom, Black Pepper, Garlic], Ricotta Cheese (24%) (Cows' Milk) [Acidity Regulators: Lactic Acid, Citric Acid], Breadcrumbs [Wheat Flour, Yeast, Salt], Mozzarella Cheese (Cows' Milk), Sunflower Oil, Butter (Cows' Milk), Medium Fat Hard Cheese (Cows' Milk), Salt, Dried Porcini Mushroom), Fresh Egg Pasta (40%) (Wheat Flour, Pasteurised Free Range Egg (20%), Durum Wheat Semolina, Water)Allergen InformationContains Eggs, Contains Milk, May Contain Soya, Contains WheatAllergy InformationMay contain traces of Soya.",Soli,Italy,3.5,53,51
https://www.ocado.com/products/warburtons-crumpets-27524011,"Suitable for freezing, Suitable for vegetarians","Wheat Flour [with Calcium, Iron, Niacin (B3) and Thiamin (B1)], Water, Yeast, Raising Agents: E450, E500, Salt, Sugar, Preservative: Calcium PropionateAllergen InformationMay Contain Eggs, May Contain Milk, May Contain Sesame, May Contain Soya, Contains WheatAllergy InformationThis product is produced in a bakery which uses Milk, Sesame Seeds, Soya and Egg.Dietary InformationSuitable for Vegetarians; Suitable for Vegans; Kosher; Halal",Warburtons,UK,4.6,156,86
https://www.ocado.com/products/m-s-vegetarian-kiev-516573011,"Suitable for freezing, Suitable for vegetarians","Mushrooms (14%), Sweetcorn (9%), Onions, Cooked Brown Rice (8%) (Water, Brown Rice), Petit Pois (7%), Carrots, Dried Potatoes, Red Peppers (5%), Wheatflour contains Gluten (with Wheatflour, Calcium Carbonate, Iron, Niacin, Thiamin), Water, Whipping Cream (Milk), Full Fat Soft Cheese (Milk), Butter (Milk), Coriander, Whole Milk, Cornflour, Garlic Purée, Ground Spices (Cumin, Cayenne Pepper, Paprika), Salt, Thyme, Parsley, Cracked Black Pepper, Lemon Juice, Red Chillies, Dried YeastAllergen InformationContains Cereals Containing Gluten, Contains Milk, Contains WheatDietary InformationSuitable for Vegetarians",M&S,UK,3.1,41,47
https://www.ocado.com/products/m-s-super-fruity-low-fat-black-cherry-live-yogurt-519561011,Suitable for vegetarians,"Low Fat Yogurt (Milk), Black Cherries (20%), Cherry Purée (3%), Sugar, Rice Starch, Flavouring, Concentrated Lemon Juice, Colour: Anthocyanins (from Black Carrots), Gelling Agent: Pectin (from Fruit), Cultures: BifidobacteriumAllergen InformationContains MilkDietary InformationSuitable for Vegetarians; Low Fat",M&S,UK,3.7,7,72
https://www.ocado.com/products/m-s-creme-caramel-desserts-519075011,Suitable for vegetarians,"Whole Milk, Caramel Sauce (19%) (Sugar, Water, Glucose-Fructose Syrup, Thickener: Xanthan Gum), Pasteurised Egg, Double Cream (Milk) (7%), Sugar, Pasteurised Egg Yolk, Madagascan Vanilla ExtractAllergen InformationContains Eggs, Contains Milk, May Contain Nuts, May Contain Peanuts.Not suitable for Nut and Peanut allergy sufferers due to manufacturing methods.Dietary InformationSuitable for Vegetarians",M&S,UK,2.9,25,48
https://www.ocado.com/products/m-s-eve-s-bramley-apple-sponge-pudding-516007011,Suitable for vegetarians,"Bramley Apple Pieces (35%), Sugar, Wheatflour contains Gluten (with Wheatflour, Calcium Carbonate, Iron, Niacin, Thiamin), Pasteurised Egg, Bramley Apple Purée (5%), Demerara Sugar, Unsalted Butter (Milk) (4.5%), Palm Oil, Cornflour, Rapeseed Oil, Invert Sugar Syrup, Raising Agent: E450, Sodium Bicarbonate, SaltAllergen InformationContains Cereals Containing Gluten, Contains Eggs, Contains Milk, May Contain Nuts, May Contain Peanuts, Contains Wheat.Not suitable for Nut and Peanut allergy sufferers.Dietary InformationSuitable for Vegetarians",M&S,UK,5.0,2,100
https://www.ocado.com/products/m-s-soda-water-505503011,NA,"Carbonated Water, Sodium Bicarbonate",M&S,NA,3.9,15,80
https://www.ocado.com/products/baker-street-seeded-rye-bread-364582011,"Suitable for freezing, Suitable for vegetarians","Wheat Flour, Water, Sourdough (Rye Flour, Water), Mixed Seeds and Flakes (11%) (Linseeds, Barley Flakes, Sunflower Seeds, Oat Flakes), Wholemeal Rye Flour, Rye Flour, Yeast, Salt, Caramelised Sugar Syrup (Sugar, Water), Malted Barley Flour, Wheat Gluten, Invert Sugar Syrup, Acidity Regulator (Sodium Acetate), Preservative (Sorbic Acid), FlavouringAllergen InformationContains Barley, Contains Oats, Contains Rye, May Contain Sesame, Contains WheatAllergy InformationMay contain traces of Sesame Seeds.Dietary InformationSuitable for Vegetarians; Suitable for Vegans",Baker Street,Germany,4.5,76,86
https://www.ocado.com/products/m-s-mangetout-518472011,"Suitable for the microwave, Suitable for vegetarians",NA,M&S,NA,2.8,9,34
https://www.ocado.com/products/bol-creamy-chick-n-power-soup-574467011,"Suitable for the microwave, Suitable for vegetarians","Water, Potato, Vegetable Stock (Water, Carrots, White Onions, Salt, Leeks, Red Onions, Garlic, Kaffir Lime Leaf, Spring Onions, Fennel, Coriander, Bay Leaf Infusion (Water, Bay Leaf), Black Pepper, White Pepper), Jackfruit (5%), Cannellini Beans, Chick Peas, Butternut Squash (3%), Coconut Cream (3%), Leeks (2%), Roasted Onion Puree (Onions, Rapeseed Oil), Carrots, Cornflour, Seasoning Blend (Yeast Extract, Salt, Dextrose, Natural Flavouring), Dried Onion, Dried Garlic, Yeast Extract, Demerara Sugar, Dried Herbs (Parsley, Thyme), Rapeseed Oil, White Pepper, Garlic, Salt, ParsleyDietary InformationSuitable for Vegetarians; Suitable for Vegans; Gluten free",BOL,United Kingdom,3.3,14,65
https://www.ocado.com/products/bertolli-olive-oil-spread-16593011,"Suitable for freezing, Suitable for vegetarians","Vegetable Oils in varying proportions (42%) (Rapeseed, Palm, Sunflower), Water, Olive Oil (17%), Salt (1.1%), Buttermilk (Milk), Emulsifier (Mono- and Diglycerides of Fatty Acids), Preservative (Potassium Sorbate), Acid (Citric Acid), Natural Flavouring, Vitamins A and D, Colour (Carotenes)Dietary InformationSuitable for Vegetarians",Bertolli,Italy,4.1,8,75
https://www.ocado.com/products/petits-filous-no-added-sugar-drinking-yogurt-banana-apricot-563197011,Suitable for vegetarians,"Yogurt (Milk), Banana Purée 8.3%, Apricot Purée from Concentrate 4.3%, Lemon Juice from Concentrate, Carrot Juice from Concentrate, Maize Starch, Milk Mineral Concentrate, Natural Flavourings, Vitamin DAllergen InformationContains MilkDietary InformationNo Added Sugar",Petits Filous,NA,3.0,2,50
https://www.ocado.com/products/daylesford-organic-coffee-beans-372857011,Organic,Arabica coffee (100%).,DAYLESFORD ORGANIC,Honduras,5.0,1,100
https://www.ocado.com/products/m-s-balanced-for-you-chilli-rice-bowl-509845011,Suitable for the microwave,"Beef (27%), Cooked Rice Mix (17%) (Long Grain Rice, Water, Wild Rice, Sunflower Oil), Tomatoes, Water, Red Kidney Beans (9%), Tomato Purée, Onions, Red Peppers, Cornflour, Ground Spices (Cumin, Coriander, Paprika, Smoked Paprika, Black Pepper), Honey, Rapeseed Oil, Garlic Purée, Coriander, Salt, Chipotle Chillies, White Wine Vinegar, Oregano, Brown Sugar, Balsamic Vinegar, Sunflower Oil, Sugar, Acidity Regulator: Acetic Acid",M&S,UK,3.9,22,78
https://www.ocado.com/products/m-s-stringless-helda-beans-527552011,Suitable for vegetarians,NA,M&S,NA,2.2,24,30
https://www.ocado.com/products/happy-eggs-large-free-range-eggs-366275011,Suitable for vegetarians,NA,Happy Eggs,NA,3.0,63,56
https://www.ocado.com/products/fage-total-5-fat-natural-greek-recipe-strained-yoghurt-15695011,Suitable for vegetarians,"Pasteurised Skimmed Milk, Cream (Milk), Live Active Yoghurt Cultures (L. Bulgaricus, S. Thermophilus, L. Acidophilus, Bifidus, L. Casei)Dietary InformationSuitable for Vegetarians; No Added Sugar",Total Greek,Greece,4.9,23,96
https://www.ocado.com/products/biona-organic-pumpernickel-bread-sliced-51387011,"Organic, Suitable for vegetarians","Wholegrain Rye Meal*, Water, Sugar Beet Syrup*, Barleymalt Extract*, Sea Salt, *= Certified Organic IngredientsAllergen InformationContains Barley, May Contain Milk, May Contain Nuts, Contains Rye, May Contain Sesame, Free From WheatAllergy InformationNot suitable for Nut, Sesame or Milk allergy sufferers due to manufacturing methods.Dietary InformationSuitable for Vegans; Organic",Biona,NA,3.6,28,65
https://www.ocado.com/products/loch-fyne-scottish-oysters-251899011,NA,Farmed UK Oysters (Molluscs) 100% (Crassostrea gigas)Allergen InformationContains MolluscsDietary InformationFree From GMO,Loch Fyne,UK,4.0,124,77
https://www.ocado.com/products/lurpak-unsalted-spreadable-blend-of-butter-and-rapeseed-oil-34518011,Suitable for vegetarians,"Butter (64%) (Milk), Rapeseed Oil, Water, Lactic Culture (Milk)Dietary InformationSuitable for Vegetarians",Lurpak,Denmark,5.0,10,100
https://www.ocado.com/products/tanpopo-sushi-sides-sharing-platter-563525011,NA,NA,Tanpopo,UK,1.0,4,25
https://www.ocado.com/products/naked-rainbow-machine-mixed-fruit-smoothie-548669011,NA,"Apple Juice from Concentrate (55%), Water, Banana Puree (8%), Kiwi Puree (7%), Blackberry Puree (7%), Mango Puree (5%), Beetroot Juice from Concentrate, Blueberry Puree (3%), Elderberry Juice, Natural Flavourings, Vitamins C, E, B6, Thiamin, Riboflavin",Naked,NA,NA,NA,NA
https://www.ocado.com/products/nescafe-gold-non-dairy-coconut-milk-instant-coffee-sachets-501388011,NA,"Glucose Syrup, Sugar, Soluble Coffee (15%), Coconut Oil, Rice Flour, Coconut Cream (2.7%) (Coconut Milk, Emulsifier E1450), Anti-Caking Agent (Calcium Carbonate), Hydrolysed Rice Protein, Acidity Regulators (Sodium Bicarbonate, Citric Acid), Natural Flavourings, Salt, Emulsifier (Sunflower Lecithin)Allergen InformationMay Contain Almonds, May Contain OatsAllergy InformationMay contain: Almond, Oat.Dietary InformationSuitable for Vegans; Low Fat",Nestle,NA,2.9,25,52
https://www.ocado.com/products/rana-pan-fried-gnocchi-original-471059011,Suitable for freezing,"Potato Puree 68% (Water, Potato Flakes), Durum Wheat Semolina, Salt, TurmericAllergen InformationMay Contain Celery, May Contain Crustaceans, May Contain Eggs, May Contain Fish, May Contain Milk, May Contain Molluscs, May Contain Nuts, Contains WheatAllergy InformationProduced in a factory that also uses Milk, Eggs, Nuts, Fish, Crustaceans, Molluscs and Celery.",Giovanni Rana,Italy,3.7,83,66
https://www.ocado.com/products/russell-s-fish-pie-mix-494868011,Suitable for freezing,"Cod (Fish) (34%), Smoked Haddock (Fish) (34%), Salmon (Fish) (32%), Smoked Haddock contains: Haddock (Fish), Salt, Colour (Curcumin, Annatto)Allergen InformationContains Fish",Russell's,UK,3.9,95,70
https://www.ocado.com/products/cool-chile-corn-tortillas-taco-wraps-gluten-free-493008011,"Suitable for freezing, Suitable for vegetarians","Masa Harina (Ground Nixtamalized Corn), Water, Sea Salt, Preservatives (Calcium Propionate, Potassium Sorbate)Allergen InformationFree From GlutenMade in a factory that handles Nuts and SesameAllergy InformationMade in a factory that handles Peanuts, Sesame and Nuts.",Cool Chile,United Kingdom,4.1,196,78
https://www.ocado.com/products/the-collective-coconut-kefir-yoghurt-542168011,Suitable for vegetarians,"Live Yoghurt (Milk) Fermented with Kefir Cultures**, Water, Coconut Milk (3%), Concentrated Grape Juice, Blossom Honey (1%), Desiccated Coconut, Cornflour, Natural Flavourings, Gelling Agent (Fruit Pectin), Madagascan Vanilla Extract, Acidity Regulator (Lactic Acid), **Contains 13 Live 'N' Active Cultures including: Bifidobacterium Lactis, L. Acidophilus, L. Rhamnosus, Bifidobacterium Infantis, L. Paracasei, L. Fermentum, S. Thermophilus, L. Delbrueckii Subsp. LactisAllergen InformationContains MilkAllergy InformationContains Pasteurised Cow's Milk.Dietary InformationSuitable for Vegetarians; Gluten free",The Collective,United Kingdom,4.3,31,88
https://www.ocado.com/products/dairylea-8-cheese-triangles-46646011,Suitable for vegetarians,NA,Dairylea,NA,4.6,8,88
https://www.ocado.com/products/m-s-celery-sticks-517982011,Suitable for vegetarians,NA,M&S,NA,4.5,6,100
https://www.ocado.com/products/brew-tea-co-lemon-ginger-loose-leaf-tea-453487011,Suitable for vegetarians,"Ginger {55%}, Apple, Lemon Verbena, Hibiscus, Rosehip, Lemon Peel {3%}, Natural Lemon Flavouring {0.4%}",Brew Tea Co,NA,3.7,3,67
https://www.ocado.com/products/hampstead-tea-organic-biodynamic-fairtrade-earl-grey-481378011,"Organic, Suitable for vegetarians","Black Tea*, Bergamot, All ingredients are Biodynamic*/OrganicDietary InformationOrganic",Hampstead Tea,United Kingdom,4.0,22,82
https://www.ocado.com/products/punchy-cucumber-yuzu-rosemary-502794011,Suitable for vegetarians,"Carbonated Water, Sugar, Natural Flavouring, Natural Cucumber Flavour with other Natural Flavourings, Acid: Citric Acid, Natural Rosemary Flavour, Acacia Gum, Sweetener: Steviol Glycosides, Antioxidant, Ascorbic Acid, Glycerol Esters of Wood Rosins, Colouring Foodstuffs (Apple, Safflower and Lemon)Allergen InformationFree From GlutenDietary InformationSuitable for Vegans; Low in sugarProduct detailsABV (%)0",Punchy,NA,3.8,68,80
https://www.ocado.com/products/rachel-s-organic-luscious-peach-yoghurt-44225011,"Organic, Suitable for vegetarians","Organic Yogurt (from Milk), Organic Sugar, Organic Cream (from Milk), Organic Peaches 5.5%, Organic Peach Juice from Concentrate, Organic Rice Starch, Natural Peach Flavouring, Thickener: PectinDietary InformationSuitable for Vegetarians; Organic",Rachel's,UK,3.1,18,56
https://www.ocado.com/products/tropicana-lean-citrus-fruit-orange-clementine-532075011,Suitable for vegetarians,"Fruit Juices and Purees (68%) (Orange (38%), Clementine (22%), Peach, Lemon), Water (32%), Natural FlavouringDietary InformationNo Added Sugar",Tropicana,NA,3.5,48,61
https://www.ocado.com/products/soda-folk-cream-soda-541532011,Suitable for vegetarians,"Carbonated Water, Sugar, Natural Flavouring, Colour: Gluten Free Barley Extract, Madagascan Vanilla Extract, Acid: Citric AcidAllergen InformationContains BarleyDietary InformationSuitable for Vegans; Gluten free",Soda Folk,United Kingdom,3.6,66,67
https://www.ocado.com/products/m-s-strawberry-clotted-cream-sundaes-511117011,Suitable for vegetarians,"Strawberry Jam (Glucose-Fructose Syrup, Sugar, Strawberry Purée, Acidity Regulator: Citric Acid, E331, Gelling Agent: Pectin (from Fruit), Colour: Anthocyanins (from Radish), Flavouring), Butter (Milk), Wheatflour contains Gluten (with Wheatflour, Calcium Carbonate, Iron, Niacin, Thiamin), Sugar, Glucose Syrup, Clotted Cream (Milk), Freeze-Dried Strawberries, Salt, Cornflour, Dextrose, Flavouring, Raising Agent: E450, Sodium Bicarbonate, Dried Egg WhiteAllergen InformationContains Cereals Containing Gluten, Contains Eggs, Contains Milk, May Contain Nuts, May Contain Peanuts, Contains Wheat.Not suitable for Nut and Peanut allergy sufferers due to manufacturing methods.Allergy InformationNot suitable for Nut and Peanut allergy sufferers.Dietary InformationSuitable for Vegetarians",M&S,UK,3.8,61,69
https://www.ocado.com/products/whitworths-mango-275693011,Suitable for vegetarians,"Dried Mango (99%), Preservative: Sodium MetabisulphiteAllergen InformationContains Sulphur Dioxide/SulphitesDietary InformationSuitable for Vegetarians",Whitworths,NA,4.3,14,86
https://www.ocado.com/products/philadelphia-garlic-herb-soft-cheese-54660011,Suitable for vegetarians,"Medium Fat Soft Cheese, Garlic (1.3 %), Salt, Herbs, Stabilisers (Locust Bean Gum, Carrageenan), Acid (Citric Acid)Allergen InformationContains Lactose, Contains Milk",Philadelphia,NA,4.6,12,92
https://www.ocado.com/products/ocado-medium-cheddar-59911011,Suitable for vegetarians,"Cheddar Cheese (Milk).For allergens, see ingredients in bold.",Ocado,UK,3.5,104,72
https://www.ocado.com/products/daylesford-organic-cashew-nuts-277490011,Organic,"Cashew NutsAllergen InformationSee ingredients in bold. May contain Nuts, Peanuts, Soya, Milk, Sesame, Gluten and Lupin. May contain shell. Dietary InformationOrganic",DAYLESFORD ORGANIC,Vietnam,3.9,12,59
https://www.ocado.com/products/john-west-pink-salmon-fridge-pot-556462011,NA,"Pink Salmon (Fish), Water, SaltAllergen InformationContains Fish",John West,Thailand,4.5,2,100
